"","Material","Cancer","HD.category","Tumor.Model","PDII","DE"
"1","Iron Oxide","Skin","10-100","Allograft Heterotopic",">0.3",7023.56266765977
"2","Iron Oxide","Prostate","10-100","Xenograft Heterotopic","0.05-0.3",3.21660981366272
"3","Silica","Brain","10-100","Xenograft Heterotopic","<0.05",0.659671917903422
"4","Other","Others","100-200","Allograft Orthotopic",">0.3",735.16777520078
"5","Other","Ovary","<10","Xenograft Orthotopic",">0.3",9624.77295701459
"6","Other","Skin","<10","Xenograft Orthotopic",">0.3",46714.5112807645
"7","Silica","Others","10-100","Xenograft Orthotopic",">0.3",5.76000872309799
"8","Iron Oxide","Lung","100-200","Xenograft Orthotopic","0.05-0.3",1.57292161963275
"9","Gold","Brain","<10","Allograft Heterotopic",">0.3",542.044805906502
"10","Gold","Lung","10-100","Allograft Orthotopic",">0.3",1542.79243962985
"11","Silica","Brain","10-100","Allograft Heterotopic","<0.05",55.3665895820351
"12","Gold","Breast","10-100","Allograft Orthotopic",">0.3",29.0857619343838
"13","Other","Brain","10-100","Xenograft Orthotopic","0.05-0.3",145.454780077309
"14","Other","Ovary","10-100","Allograft Heterotopic",">0.3",1653.49311314424
"15","Silica","Others","10-100","Allograft Orthotopic",">0.3",2636.68368935786
"16","Other","Cervix","<10","Xenograft Orthotopic",">0.3",7568.24155348726
"17","Iron Oxide","Lung","10-100","Allograft Orthotopic",">0.3",630.377070582278
"18","Silica","Cervix","10-100","Xenograft Heterotopic","0.05-0.3",38.5453179875161
"19","Iron Oxide","Skin","<10","Xenograft Orthotopic",">0.3",50079.667719507
"20","Iron Oxide","Cervix","10-100","Allograft Orthotopic",">0.3",18389.05910075
"21","Other","Others","<10","Xenograft Orthotopic",">0.3",5922.75225674821
"22","Silica","Ovary","10-100","Xenograft Orthotopic",">0.3",4.11387480635145
"23","Gold","Ovary","10-100","Allograft Orthotopic",">0.3",1719.60808581525
"24","Other","Skin","<10","Xenograft Orthotopic",">0.3",23176.2150739877
"25","Other","Others",">200","Xenograft Heterotopic",">0.3",7.12920519712228
"26","Gold","Colon","100-200","Xenograft Orthotopic",">0.3",0.00209064002956921
"27","Silica","Others","<10","Xenograft Orthotopic","0.05-0.3",14.4527712429188
"28","Gold","Pancreas","10-100","Xenograft Heterotopic","0.05-0.3",0.387048739693543
"29","Silica","Prostate","10-100","Allograft Heterotopic",">0.3",4.00848357005397
"30","Silica","Cervix","10-100","Xenograft Orthotopic","0.05-0.3",0.277942596795487
"31","Gold","Skin","<10","Xenograft Heterotopic","0.05-0.3",2852.49578374702
"32","Other","Ovary","<10","Allograft Orthotopic",">0.3",850042.350474159
"33","Silica","Prostate","<10","Xenograft Orthotopic",">0.3",25.9416782742096
"34","Other","Pancreas","<10","Xenograft Heterotopic",">0.3",1732.63590345683
"35","Iron Oxide","Ovary","<10","Xenograft Heterotopic",">0.3",7351.64820620477
"36","Silica","Ovary","<10","Xenograft Orthotopic",">0.3",127.443980647636
"37","Silica","Breast","10-100","Allograft Heterotopic",">0.3",2.06745926489187
"38","Silica","Cervix",">200","Xenograft Heterotopic",">0.3",0.155434926171781
"39","Silica","Ovary","10-100","Allograft Orthotopic","0.05-0.3",76.2499045031583
"40","Other","Lung","10-100","Xenograft Orthotopic","0.05-0.3",96.1786857798837
"41","Gold","Pancreas","10-100","Allograft Orthotopic","0.05-0.3",347.531248801745
"42","Gold","Skin","10-100","Allograft Heterotopic",">0.3",15817.5586058616
"43","Silica","Ovary","<10","Allograft Orthotopic","0.05-0.3",37249.7588494874
"44","Other","Prostate","10-100","Xenograft Heterotopic","<0.05",8.13698780223453
"45","Gold","Lung","10-100","Allograft Heterotopic",">0.3",49.9814953146722
"46","Silica","Pancreas","<10","Allograft Heterotopic","0.05-0.3",138.866733598068
"47","Gold","Colon","10-100","Xenograft Orthotopic",">0.3",0.0844492326800699
"48","Silica","Lung","10-100","Allograft Heterotopic",">0.3",66.8699510549787
"49","Other","Colon","<10","Xenograft Heterotopic",">0.3",39.6920148233923
"50","Gold","Prostate","10-100","Allograft Orthotopic","0.05-0.3",30.7632090284979
"51","Gold","Prostate","10-100","Xenograft Heterotopic",">0.3",12.9626227442076
"52","Silica","Others","10-100","Xenograft Heterotopic",">0.3",44.2155171695561
"53","Other","Others","10-100","Xenograft Heterotopic","<0.05",37.6102969943779
"54","Iron Oxide","Ovary","<10","Xenograft Orthotopic",">0.3",2548.87561957494
"55","Other","Lung","10-100","Xenograft Orthotopic",">0.3",53.1101347746481
"56","Gold","Cervix","10-100","Xenograft Orthotopic","0.05-0.3",10.3378031459246
"57","Other","Cervix","100-200","Allograft Heterotopic",">0.3",341.637457913846
"58","Silica","Brain","10-100","Allograft Orthotopic","0.05-0.3",127.388948025568
"59","Silica","Brain","10-100","Xenograft Orthotopic",">0.3",5.85817312666711
"60","Gold","Breast","10-100","Xenograft Orthotopic","<0.05",0.0316151058168146
"61","Iron Oxide","Pancreas","<10","Allograft Heterotopic",">0.3",951.743946755691
"62","Other","Ovary","<10","Xenograft Heterotopic","0.05-0.3",16504.7711503491
"63","Gold","Lung","10-100","Xenograft Orthotopic",">0.3",14.2683339167318
"64","Silica","Skin","10-100","Xenograft Heterotopic",">0.3",1702.29474699615
"65","Gold","Breast","<10","Xenograft Orthotopic",">0.3",25.1317705133956
"66","Gold","Others",">200","Xenograft Orthotopic",">0.3",0.159895847442558
"67","Gold","Pancreas","100-200","Allograft Heterotopic","<0.05",0.438413733658235
"68","Other","Others","<10","Allograft Orthotopic","0.05-0.3",237318.889194753
"69","Iron Oxide","Ovary","10-100","Xenograft Heterotopic",">0.3",1386.5876499798
"70","Gold","Cervix","10-100","Xenograft Orthotopic",">0.3",2.7421426888554
"71","Other","Others","10-100","Allograft Heterotopic","0.05-0.3",10591.9983750442
"72","Gold","Colon","10-100","Xenograft Heterotopic",">0.3",0.129446491269781
"73","Gold","Colon","10-100","Allograft Orthotopic",">0.3",5.16314667016964
"74","Other","Lung","10-100","Xenograft Orthotopic",">0.3",204.097989817794
"75","Gold","Skin","10-100","Xenograft Orthotopic",">0.3",595.532262464591
"76","Silica","Lung","<10","Xenograft Heterotopic",">0.3",159.278621999928
"77","Iron Oxide","Lung","10-100","Xenograft Orthotopic",">0.3",27.8289494199555
"78","Other","Others","100-200","Xenograft Heterotopic",">0.3",42.2337339222233
"79","Other","Pancreas","10-100","Allograft Heterotopic",">0.3",327.02359482972
"80","Other","Others","<10","Allograft Orthotopic",">0.3",206972.773084126
"81","Gold","Skin","10-100","Allograft Heterotopic",">0.3",12495.7599601847
"82","Other","Prostate","<10","Xenograft Orthotopic","<0.05",143.126280551438
"83","Silica","Breast","10-100","Xenograft Orthotopic",">0.3",0.847770885450464
"84","Iron Oxide","Pancreas","10-100","Allograft Heterotopic","0.05-0.3",6.15050005944595
"85","Other","Breast","<10","Allograft Orthotopic",">0.3",15765.4462696661
"86","Iron Oxide","Breast","100-200","Xenograft Orthotopic",">0.3",0.189372741884319
"87","Iron Oxide","Lung","100-200","Allograft Orthotopic",">0.3",222.040223229806
"88","Iron Oxide","Colon",">200","Allograft Heterotopic",">0.3",0.0629044114351458
"89","Other","Breast","100-200","Allograft Orthotopic",">0.3",88.3469086276232
"90","Iron Oxide","Pancreas","<10","Allograft Orthotopic","0.05-0.3",2563.1619336314
"91","Silica","Skin","100-200","Xenograft Orthotopic",">0.3",3.64182622416892
"92","Other","Pancreas","10-100","Allograft Orthotopic",">0.3",6329.94774899123
"93","Silica","Others","10-100","Xenograft Heterotopic",">0.3",15.1237194350663
"94","Other","Prostate","<10","Xenograft Orthotopic","0.05-0.3",375.740508418151
"95","Iron Oxide","Others","<10","Allograft Orthotopic",">0.3",170243.568429441
"96","Gold","Skin","<10","Xenograft Heterotopic",">0.3",2740.6313927949
"97","Iron Oxide","Ovary","<10","Xenograft Orthotopic",">0.3",1250.63198628626
"98","Gold","Colon","10-100","Xenograft Heterotopic",">0.3",0.0496975276655045
"99","Gold","Colon",">200","Allograft Orthotopic",">0.3",0.0658875423624766
"100","Other","Skin","<10","Allograft Heterotopic",">0.3",4692678.97803912
"101","Other","Prostate","<10","Xenograft Heterotopic",">0.3",1318.66729420512
"102","Other","Brain","10-100","Allograft Heterotopic",">0.3",6645.45801369106
"103","Gold","Brain","<10","Allograft Orthotopic","0.05-0.3",2101.91792092846
"104","Iron Oxide","Cervix","<10","Allograft Heterotopic",">0.3",18865.9129729793
"105","Gold","Brain","<10","Allograft Orthotopic",">0.3",8952.4720715655
"106","Gold","Pancreas","10-100","Xenograft Heterotopic","0.05-0.3",0.18901021497558
"107","Other","Others",">200","Allograft Orthotopic",">0.3",280.923195744726
"108","Silica","Colon","10-100","Xenograft Orthotopic",">0.3",0.076614993652809
"109","Other","Colon","100-200","Xenograft Orthotopic",">0.3",0.0314460271446674
"110","Silica","Skin","<10","Allograft Orthotopic","0.05-0.3",206330.73723752
"111","Other","Skin","10-100","Xenograft Heterotopic",">0.3",10304.6583193499
"112","Gold","Lung","100-200","Xenograft Orthotopic",">0.3",0.500439752402484
"113","Other","Pancreas","100-200","Allograft Orthotopic","0.05-0.3",144.79814471154
"114","Iron Oxide","Ovary","<10","Xenograft Orthotopic",">0.3",2985.01785966256
"115","Iron Oxide","Prostate","<10","Allograft Heterotopic",">0.3",3043.01872908599
"116","Gold","Lung","<10","Allograft Orthotopic",">0.3",18154.3035961545
"117","Other","Lung","10-100","Xenograft Heterotopic",">0.3",61.678153790376
"118","Iron Oxide","Prostate","10-100","Xenograft Heterotopic",">0.3",28.6030575962604
"119","Other","Others","10-100","Xenograft Orthotopic",">0.3",37.9139828463356
"120","Silica","Pancreas","10-100","Xenograft Heterotopic",">0.3",3.71707017107775
"121","Iron Oxide","Lung","<10","Xenograft Orthotopic",">0.3",1725.77991331714
"122","Silica","Lung","10-100","Xenograft Heterotopic",">0.3",29.5745292163661
"123","Iron Oxide","Skin","10-100","Xenograft Heterotopic","0.05-0.3",3482.5164180946
"124","Other","Skin","10-100","Xenograft Heterotopic",">0.3",20223.4312267137
"125","Iron Oxide","Prostate",">200","Xenograft Orthotopic","0.05-0.3",0.060784685503551
"126","Iron Oxide","Lung","10-100","Xenograft Heterotopic",">0.3",68.875423043698
"127","Silica","Ovary","100-200","Allograft Orthotopic",">0.3",58.1227279238418
"128","Iron Oxide","Brain","10-100","Xenograft Heterotopic",">0.3",52.7964245474475
"129","Other","Colon","10-100","Xenograft Orthotopic",">0.3",3.32987823791752
"130","Other","Skin","10-100","Allograft Heterotopic","0.05-0.3",12791.4648951182
"131","Gold","Prostate","10-100","Allograft Heterotopic",">0.3",130.533076519319
"132","Iron Oxide","Brain","10-100","Xenograft Orthotopic",">0.3",37.7697279323595
"133","Iron Oxide","Lung","<10","Allograft Orthotopic","0.05-0.3",77408.4515850558
"134","Silica","Breast","10-100","Allograft Orthotopic",">0.3",7.78564590899573
"135","Gold","Skin","10-100","Xenograft Orthotopic",">0.3",88.9541936252158
"136","Other","Prostate","<10","Allograft Heterotopic","<0.05",5633.85796967097
"137","Silica","Lung","100-200","Allograft Heterotopic","0.05-0.3",2.69726536337153
"138","Gold","Ovary","10-100","Xenograft Heterotopic","0.05-0.3",26.0955900714391
"139","Iron Oxide","Pancreas","10-100","Allograft Orthotopic",">0.3",1244.21891623574
"140","Iron Oxide","Skin","<10","Xenograft Orthotopic",">0.3",23742.6305168955
"141","Other","Pancreas","10-100","Allograft Orthotopic","0.05-0.3",11902.9412788745
"142","Other","Breast","10-100","Xenograft Heterotopic","0.05-0.3",70.9466000952526
"143","Gold","Cervix","10-100","Allograft Orthotopic","0.05-0.3",2020.2727980582
"144","Iron Oxide","Lung","100-200","Xenograft Orthotopic",">0.3",1.3115742808271
"145","Iron Oxide","Pancreas","10-100","Xenograft Orthotopic",">0.3",0.640020673913339
"146","Silica","Skin",">200","Allograft Orthotopic",">0.3",305.250130152269
"147","Silica","Lung","<10","Allograft Orthotopic","0.05-0.3",8813.01581582079
"148","Iron Oxide","Skin","100-200","Xenograft Orthotopic",">0.3",49.6669121213932
"149","Gold","Cervix","<10","Xenograft Orthotopic",">0.3",44.7552748451672
"150","Other","Others","10-100","Xenograft Heterotopic","0.05-0.3",71.1716816562038
"151","Silica","Colon","<10","Allograft Heterotopic",">0.3",8.50083307799983
"152","Gold","Prostate","100-200","Xenograft Heterotopic","0.05-0.3",0.0830877706682312
"153","Silica","Pancreas","10-100","Xenograft Orthotopic","0.05-0.3",2.04053947691303
"154","Gold","Ovary","<10","Allograft Heterotopic","0.05-0.3",5313.56571661783
"155","Other","Cervix","100-200","Xenograft Heterotopic",">0.3",11.3867183422437
"156","Iron Oxide","Pancreas","10-100","Allograft Heterotopic","0.05-0.3",157.963106635002
"157","Iron Oxide","Brain","10-100","Allograft Orthotopic",">0.3",2834.15290657245
"158","Silica","Brain","100-200","Xenograft Orthotopic","0.05-0.3",0.112841265120052
"159","Other","Brain",">200","Allograft Orthotopic",">0.3",206.737635063526
"160","Gold","Others","<10","Xenograft Heterotopic","0.05-0.3",62.5495909552784
"161","Iron Oxide","Cervix","100-200","Xenograft Heterotopic","0.05-0.3",3.63327339137734
"162","Other","Prostate","10-100","Xenograft Orthotopic",">0.3",3.59611092466439
"163","Other","Ovary",">200","Allograft Heterotopic","0.05-0.3",96.6926935964935
"164","Gold","Brain","<10","Allograft Orthotopic","0.05-0.3",9692.7924042897
"165","Gold","Colon","10-100","Allograft Orthotopic",">0.3",6.25241205259437
"166","Other","Colon",">200","Xenograft Heterotopic",">0.3",0.0694145721631612
"167","Gold","Colon",">200","Xenograft Heterotopic",">0.3",0.0020083324112915
"168","Iron Oxide","Ovary","10-100","Allograft Orthotopic",">0.3",1938.86447771332
"169","Gold","Others","<10","Xenograft Heterotopic",">0.3",629.92819568643
"170","Silica","Ovary","<10","Xenograft Heterotopic","0.05-0.3",113.799788020003
"171","Iron Oxide","Breast","<10","Xenograft Orthotopic",">0.3",26.168859952181
"172","Silica","Skin","100-200","Xenograft Heterotopic",">0.3",28.4550481831851
"173","Other","Cervix","<10","Xenograft Heterotopic",">0.3",2984.58983784704
"174","Gold","Skin","100-200","Allograft Heterotopic","0.05-0.3",106.162383595976
"175","Other","Pancreas","<10","Xenograft Orthotopic","0.05-0.3",136.793563407643
"176","Silica","Others","10-100","Xenograft Orthotopic",">0.3",6.54344921432783
"177","Gold","Colon","10-100","Xenograft Orthotopic",">0.3",0.00365089280926946
"178","Gold","Cervix","<10","Xenograft Heterotopic","0.05-0.3",241.681186067117
"179","Iron Oxide","Lung","10-100","Xenograft Heterotopic",">0.3",98.6304979804884
"180","Gold","Brain","<10","Allograft Heterotopic",">0.3",1168.82564817032
"181","Other","Brain","10-100","Allograft Orthotopic",">0.3",20161.2531750095
"182","Iron Oxide","Skin","10-100","Allograft Orthotopic","0.05-0.3",98175.1175615395
"183","Other","Cervix","<10","Xenograft Heterotopic",">0.3",15908.1106815596
"184","Gold","Lung","100-200","Allograft Orthotopic","0.05-0.3",35.3472285449368
"185","Silica","Skin","10-100","Xenograft Orthotopic",">0.3",139.793857290964
"186","Iron Oxide","Lung","10-100","Allograft Orthotopic",">0.3",1645.69669296933
"187","Other","Others",">200","Xenograft Heterotopic",">0.3",9.66996860136792
"188","Gold","Others","<10","Xenograft Orthotopic",">0.3",138.648206949757
"189","Other","Colon",">200","Xenograft Orthotopic","0.05-0.3",0.0137205419409903
"190","Silica","Prostate","<10","Allograft Heterotopic","<0.05",48.8336477099344
"191","Other","Brain","<10","Xenograft Heterotopic",">0.3",6039.06092063846
"192","Gold","Brain","10-100","Allograft Orthotopic","0.05-0.3",102.88120030031
"193","Iron Oxide","Ovary","<10","Allograft Orthotopic","0.05-0.3",216689.796293013
"194","Gold","Others","10-100","Allograft Heterotopic",">0.3",432.248385348814
"195","Iron Oxide","Colon","100-200","Allograft Heterotopic",">0.3",0.190687372116528
"196","Gold","Breast","10-100","Xenograft Orthotopic",">0.3",1.82564434039193
"197","Other","Ovary","10-100","Xenograft Heterotopic","<0.05",293.073447196305
"198","Silica","Colon","<10","Allograft Heterotopic",">0.3",2.85000355925538
"199","Other","Ovary","<10","Xenograft Orthotopic","0.05-0.3",8913.36340934439
"200","Other","Lung","10-100","Xenograft Heterotopic",">0.3",556.748135558496
"201","Silica","Colon","<10","Allograft Heterotopic",">0.3",15.0761813907718
"202","Silica","Pancreas","<10","Allograft Heterotopic",">0.3",700.024705490657
"203","Gold","Breast","<10","Allograft Orthotopic","<0.05",869.447100435735
"204","Iron Oxide","Colon","10-100","Xenograft Heterotopic","0.05-0.3",0.0350317984323191
"205","Iron Oxide","Others","10-100","Allograft Heterotopic",">0.3",443.141795673038
"206","Silica","Ovary",">200","Allograft Heterotopic",">0.3",2.59688100093873
"207","Other","Others","100-200","Allograft Orthotopic",">0.3",1783.86795782762
"208","Silica","Skin","10-100","Xenograft Heterotopic","0.05-0.3",157.706701922288
"209","Gold","Lung","10-100","Allograft Heterotopic",">0.3",337.551894010763
"210","Gold","Skin","<10","Xenograft Orthotopic","0.05-0.3",1205.16606105247
"211","Silica","Others","10-100","Xenograft Orthotopic",">0.3",1.13686737250717
"212","Gold","Lung","10-100","Allograft Heterotopic",">0.3",615.623009801319
"213","Silica","Prostate","<10","Xenograft Heterotopic",">0.3",65.6513017890288
"214","Gold","Brain","10-100","Allograft Orthotopic","0.05-0.3",225.447775033164
"215","Silica","Colon","<10","Xenograft Orthotopic",">0.3",0.192094029589516
"216","Iron Oxide","Ovary","<10","Allograft Orthotopic","0.05-0.3",84776.2363316692
"217","Gold","Pancreas","<10","Xenograft Heterotopic",">0.3",35.2953248753939
"218","Gold","Pancreas","10-100","Xenograft Heterotopic",">0.3",1.42206669311126
"219","Other","Colon","<10","Xenograft Orthotopic","0.05-0.3",7.79995587993996
"220","Silica","Brain",">200","Allograft Heterotopic",">0.3",1.60038560376703
"221","Gold","Lung","<10","Xenograft Orthotopic",">0.3",282.175717607378
"222","Gold","Colon","10-100","Xenograft Heterotopic",">0.3",0.139227559237337
"223","Silica","Skin","10-100","Allograft Heterotopic",">0.3",10803.3302445614
"224","Other","Brain","100-200","Allograft Heterotopic",">0.3",171.515481844858
"225","Iron Oxide","Prostate","10-100","Allograft Orthotopic",">0.3",957.50213933444
"226","Other","Prostate","10-100","Xenograft Orthotopic",">0.3",40.5807241699377
"227","Gold","Lung","10-100","Xenograft Orthotopic",">0.3",0.558816055273359
"228","Gold","Prostate","10-100","Xenograft Orthotopic","<0.05",1.32315786837453
"229","Silica","Pancreas","<10","Xenograft Orthotopic",">0.3",9.62337657303384
"230","Other","Lung","100-200","Allograft Orthotopic",">0.3",610.367647695703
"231","Other","Pancreas","10-100","Allograft Heterotopic",">0.3",656.685187300025
"232","Other","Others","<10","Allograft Orthotopic",">0.3",584650.994995234
"233","Silica","Others",">200","Allograft Heterotopic","0.05-0.3",0.989330809664503
"234","Iron Oxide","Skin","10-100","Allograft Orthotopic",">0.3",50251.9613847889
"235","Silica","Lung","10-100","Xenograft Orthotopic",">0.3",3.44771817652924
"236","Iron Oxide","Breast","10-100","Allograft Heterotopic","<0.05",120.198657302819
"237","Silica","Pancreas","100-200","Xenograft Heterotopic",">0.3",0.12785827461377
"238","Other","Lung","10-100","Allograft Orthotopic",">0.3",11946.5081615118
"239","Other","Pancreas","10-100","Xenograft Orthotopic",">0.3",6.95211317363962
"240","Gold","Cervix","10-100","Allograft Orthotopic","0.05-0.3",89.09482131371
"241","Other","Others","10-100","Xenograft Heterotopic",">0.3",90.0431716928659
"242","Other","Colon","10-100","Xenograft Orthotopic",">0.3",2.91985181966541
"243","Gold","Brain","<10","Allograft Orthotopic",">0.3",9977.12150964508
"244","Iron Oxide","Skin","100-200","Allograft Heterotopic","0.05-0.3",707.238129181873
"245","Iron Oxide","Cervix",">200","Allograft Orthotopic",">0.3",81.4106904535264
"246","Iron Oxide","Cervix","<10","Xenograft Orthotopic",">0.3",326.031418366783
"247","Iron Oxide","Ovary","10-100","Allograft Orthotopic","0.05-0.3",961.215455116961
"248","Gold","Cervix","10-100","Xenograft Heterotopic",">0.3",1.95014074727958
"249","Gold","Colon","<10","Allograft Heterotopic",">0.3",9.62036862459597
"250","Silica","Prostate","<10","Allograft Orthotopic",">0.3",594.141689368749
"251","Silica","Ovary","100-200","Allograft Heterotopic","0.05-0.3",9.75265376566898
"252","Other","Colon","10-100","Xenograft Orthotopic",">0.3",2.02407566307805
"253","Other","Prostate","<10","Xenograft Orthotopic",">0.3",582.463550343179
"254","Iron Oxide","Prostate","<10","Allograft Orthotopic",">0.3",14204.3078403767
"255","Iron Oxide","Lung","10-100","Allograft Orthotopic",">0.3",1480.37951224284
"256","Gold","Prostate","<10","Xenograft Heterotopic",">0.3",81.1552371727269
"257","Iron Oxide","Ovary","<10","Xenograft Orthotopic","<0.05",503.437616448183
"258","Silica","Others","<10","Xenograft Orthotopic",">0.3",22.6764399401856
"259","Iron Oxide","Breast","10-100","Allograft Heterotopic",">0.3",61.66471399162
"260","Other","Prostate","<10","Allograft Orthotopic","0.05-0.3",62991.4689366407
"261","Iron Oxide","Breast","10-100","Allograft Heterotopic","0.05-0.3",28.2499081750196
"262","Iron Oxide","Breast","10-100","Allograft Heterotopic",">0.3",181.30951609565
"263","Silica","Others","10-100","Allograft Heterotopic","0.05-0.3",38.558138192528
"264","Iron Oxide","Pancreas","10-100","Xenograft Heterotopic",">0.3",2.88047895134382
"265","Other","Lung","10-100","Allograft Heterotopic",">0.3",4599.13716347318
"266","Silica","Others","<10","Xenograft Heterotopic",">0.3",304.173560662512
"267","Silica","Prostate","10-100","Allograft Orthotopic","0.05-0.3",44.0975443329992
"268","Iron Oxide","Colon","100-200","Allograft Heterotopic",">0.3",0.135147495604608
"269","Gold","Pancreas","<10","Xenograft Heterotopic",">0.3",82.1785486631855
"270","Iron Oxide","Pancreas","100-200","Xenograft Heterotopic",">0.3",0.814214065125525
"271","Other","Others","100-200","Xenograft Orthotopic",">0.3",5.90205283722185
"272","Other","Pancreas",">200","Allograft Heterotopic",">0.3",15.6246769928325
"273","Iron Oxide","Skin","10-100","Allograft Orthotopic",">0.3",255651.938273844
"274","Other","Cervix","<10","Allograft Heterotopic",">0.3",74853.9628321025
"275","Iron Oxide","Brain","<10","Allograft Orthotopic",">0.3",19056.4264381523
"276","Other","Ovary","10-100","Allograft Heterotopic",">0.3",34269.466064245
"277","Gold","Pancreas","100-200","Allograft Heterotopic",">0.3",0.994536513104501
"278","Iron Oxide","Prostate","10-100","Allograft Heterotopic","0.05-0.3",361.009801891153
"279","Silica","Others","100-200","Xenograft Orthotopic","0.05-0.3",0.106348362372502
"280","Gold","Ovary","10-100","Allograft Heterotopic",">0.3",164.505098005129
"281","Silica","Breast","<10","Xenograft Orthotopic",">0.3",6.25449152901933
"282","Gold","Prostate","10-100","Xenograft Heterotopic","0.05-0.3",2.61214755348852
"283","Silica","Prostate","10-100","Xenograft Heterotopic",">0.3",1.2612113363936
"284","Silica","Lung","10-100","Allograft Orthotopic",">0.3",182.951350453415
"285","Silica","Brain","<10","Allograft Orthotopic",">0.3",7139.95179327135
"286","Gold","Prostate","<10","Xenograft Heterotopic",">0.3",104.281255265169
"287","Silica","Colon","10-100","Allograft Heterotopic","0.05-0.3",0.111975944983626
"288","Silica","Breast","10-100","Allograft Orthotopic","0.05-0.3",116.257647464911
"289","Gold","Colon","10-100","Allograft Orthotopic","0.05-0.3",1.77860742523665
"290","Other","Pancreas","10-100","Xenograft Heterotopic",">0.3",22.0056260145995
"291","Iron Oxide","Cervix","<10","Xenograft Orthotopic",">0.3",1194.24256870738
"292","Silica","Lung","<10","Xenograft Heterotopic",">0.3",115.075857606112
"293","Other","Skin","<10","Xenograft Heterotopic",">0.3",99792.4866073368
"294","Other","Breast","<10","Allograft Heterotopic",">0.3",12352.5927639824
"295","Other","Skin",">200","Allograft Heterotopic",">0.3",1741.65854304525
"296","Silica","Others","10-100","Allograft Heterotopic","0.05-0.3",42.4081980033901
"297","Other","Lung","10-100","Xenograft Orthotopic",">0.3",838.489797052429
"298","Silica","Breast","<10","Allograft Heterotopic",">0.3",162.236432196282
"299","Iron Oxide","Pancreas",">200","Allograft Orthotopic","0.05-0.3",8.07058201043572
"300","Iron Oxide","Others","100-200","Allograft Heterotopic",">0.3",21.0557350865632
"301","Other","Ovary","<10","Allograft Heterotopic",">0.3",147321.134311229
"302","Other","Lung",">200","Allograft Heterotopic",">0.3",60.9471324373702
"303","Iron Oxide","Breast","10-100","Allograft Heterotopic","0.05-0.3",4.64042623985743
"304","Gold","Pancreas","<10","Xenograft Heterotopic",">0.3",109.290803595991
"305","Other","Ovary","10-100","Allograft Orthotopic","0.05-0.3",5777.23571501338
"306","Iron Oxide","Skin","10-100","Xenograft Heterotopic","0.05-0.3",1183.37759797516
"307","Iron Oxide","Breast","10-100","Xenograft Heterotopic",">0.3",0.879096333193756
"308","Silica","Prostate","100-200","Allograft Orthotopic",">0.3",3.64657430085421
"309","Iron Oxide","Ovary","<10","Allograft Orthotopic",">0.3",202088.417178199
"310","Iron Oxide","Ovary","10-100","Xenograft Heterotopic",">0.3",134.812082158781
"311","Iron Oxide","Brain","<10","Allograft Orthotopic",">0.3",25064.1754695486
"312","Iron Oxide","Cervix","10-100","Xenograft Heterotopic",">0.3",216.376978111786
"313","Silica","Lung",">200","Xenograft Orthotopic",">0.3",0.0759688550873868
"314","Silica","Pancreas","<10","Xenograft Heterotopic",">0.3",28.4272549382838
"315","Iron Oxide","Pancreas","<10","Xenograft Orthotopic",">0.3",34.9428231657179
"316","Gold","Pancreas","<10","Allograft Orthotopic",">0.3",793.971151673744
"317","Silica","Breast","10-100","Xenograft Heterotopic","0.05-0.3",2.01881636917125
"318","Iron Oxide","Pancreas","100-200","Xenograft Orthotopic",">0.3",0.444938637045038
"319","Gold","Others","10-100","Xenograft Orthotopic","0.05-0.3",12.0855339600397
"320","Silica","Brain","10-100","Xenograft Orthotopic","<0.05",0.571924172704802
"321","Silica","Brain","10-100","Xenograft Orthotopic","0.05-0.3",1.10028331350883
"322","Silica","Colon","100-200","Allograft Heterotopic","<0.05",0.0231175805160875
"323","Silica","Brain","100-200","Allograft Heterotopic",">0.3",3.10117527078982
"324","Other","Brain","10-100","Xenograft Orthotopic",">0.3",379.05512149659
"325","Iron Oxide","Skin","<10","Xenograft Heterotopic","0.05-0.3",25680.1344598958
"326","Gold","Cervix","10-100","Allograft Heterotopic","0.05-0.3",223.857519760814
"327","Iron Oxide","Pancreas","100-200","Xenograft Heterotopic",">0.3",0.585889321060747
"328","Gold","Cervix","10-100","Allograft Orthotopic","0.05-0.3",59.1278697297654
"329","Other","Cervix","<10","Xenograft Orthotopic","0.05-0.3",881.536837680326
"330","Gold","Breast","10-100","Xenograft Orthotopic",">0.3",0.182652639645357
"331","Iron Oxide","Others","10-100","Xenograft Orthotopic",">0.3",42.401150816215
"332","Silica","Colon","100-200","Xenograft Orthotopic","0.05-0.3",0.000903434115778768
"333","Silica","Prostate","100-200","Xenograft Heterotopic",">0.3",0.073801553877948
"334","Silica","Brain",">200","Allograft Orthotopic",">0.3",7.0063191612958
"335","Other","Brain","10-100","Xenograft Heterotopic","0.05-0.3",40.6257788380891
"336","Iron Oxide","Ovary","100-200","Allograft Orthotopic",">0.3",735.605362161438
"337","Other","Colon","<10","Xenograft Orthotopic",">0.3",46.3503049408973
"338","Gold","Breast","<10","Xenograft Orthotopic",">0.3",16.240460367783
"339","Gold","Pancreas","<10","Allograft Orthotopic",">0.3",1968.4701142743
"340","Gold","Cervix","10-100","Xenograft Heterotopic",">0.3",57.2133327462609
"341","Iron Oxide","Brain",">200","Allograft Orthotopic",">0.3",75.9427742879281
"342","Iron Oxide","Pancreas","<10","Xenograft Heterotopic","0.05-0.3",80.5480762036617
"343","Iron Oxide","Lung",">200","Allograft Orthotopic",">0.3",77.41203129352
"344","Gold","Ovary","100-200","Xenograft Orthotopic","0.05-0.3",0.235212311503712
"345","Silica","Cervix","100-200","Allograft Heterotopic",">0.3",10.9849563292834
"346","Other","Others","100-200","Xenograft Orthotopic",">0.3",5.68344593594201
"347","Silica","Pancreas","10-100","Allograft Orthotopic",">0.3",30.8067560166852
"348","Other","Colon","10-100","Xenograft Orthotopic",">0.3",0.131321591912978
"349","Silica","Colon","10-100","Allograft Orthotopic",">0.3",4.1194400590225
"350","Gold","Cervix","10-100","Allograft Orthotopic","0.05-0.3",79.90537136795
"351","Gold","Lung","<10","Xenograft Orthotopic","0.05-0.3",72.8401040375555
"352","Gold","Pancreas",">200","Allograft Heterotopic",">0.3",0.272710749187234
"353","Other","Brain","<10","Allograft Heterotopic",">0.3",83358.5145486866
"354","Other","Cervix","10-100","Allograft Heterotopic",">0.3",14323.0280188329
"355","Iron Oxide","Prostate","10-100","Allograft Heterotopic","0.05-0.3",7.56724198992443
"356","Silica","Breast","100-200","Xenograft Heterotopic",">0.3",0.036105175540371
"357","Other","Others","100-200","Allograft Heterotopic",">0.3",122.116534061557
"358","Gold","Breast","<10","Xenograft Heterotopic",">0.3",8.80436863595144
"359","Iron Oxide","Colon","10-100","Xenograft Orthotopic",">0.3",0.294256699546463
"360","Silica","Prostate","100-200","Xenograft Orthotopic",">0.3",0.0615015008487301
"361","Other","Pancreas","10-100","Xenograft Orthotopic",">0.3",4.18290710629231
"362","Iron Oxide","Brain","<10","Xenograft Heterotopic",">0.3",1952.92420260088
"363","Gold","Others","10-100","Xenograft Orthotopic",">0.3",9.91895454056737
"364","Other","Ovary",">200","Allograft Orthotopic",">0.3",757.199174743389
"365","Gold","Lung","<10","Allograft Heterotopic",">0.3",2460.85391416467
"366","Iron Oxide","Brain","10-100","Xenograft Orthotopic",">0.3",6.73424071859626
"367","Other","Brain","10-100","Xenograft Heterotopic",">0.3",984.83661934071
"368","Silica","Pancreas","<10","Xenograft Heterotopic",">0.3",46.7934124971651
"369","Iron Oxide","Others","<10","Xenograft Heterotopic",">0.3",1179.838373706
"370","Silica","Skin","10-100","Xenograft Heterotopic",">0.3",587.492015866716
"371","Iron Oxide","Breast","<10","Xenograft Orthotopic","0.05-0.3",73.6864248947908
"372","Gold","Ovary","<10","Allograft Heterotopic","0.05-0.3",2430.14088440523
"373","Gold","Brain","<10","Xenograft Orthotopic",">0.3",29.1675496499701
"374","Other","Prostate","10-100","Xenograft Orthotopic",">0.3",44.8079643112096
"375","Silica","Lung","10-100","Xenograft Heterotopic",">0.3",11.3046477587187
"376","Gold","Ovary","100-200","Xenograft Heterotopic",">0.3",1.18420417459062
"377","Gold","Brain","10-100","Xenograft Orthotopic","0.05-0.3",2.15640946465909
"378","Gold","Pancreas","10-100","Allograft Orthotopic","0.05-0.3",24.2345609013776
"379","Iron Oxide","Breast","100-200","Xenograft Orthotopic",">0.3",0.184743210623754
"380","Silica","Prostate","10-100","Allograft Heterotopic",">0.3",31.0193211261625
"381","Silica","Cervix","100-200","Xenograft Heterotopic",">0.3",0.384171558301163
"382","Gold","Brain","10-100","Xenograft Orthotopic",">0.3",6.19295198608042
"383","Gold","Pancreas","100-200","Allograft Heterotopic",">0.3",1.42902263827017
"384","Gold","Prostate","10-100","Allograft Heterotopic",">0.3",6.75185622983874
"385","Gold","Lung",">200","Allograft Heterotopic",">0.3",2.28554285135035
"386","Other","Ovary","<10","Allograft Heterotopic",">0.3",174371.768004458
"387","Gold","Brain",">200","Xenograft Heterotopic","0.05-0.3",0.106055727248008
"388","Silica","Lung","100-200","Allograft Orthotopic","0.05-0.3",14.6806753392055
"389","Iron Oxide","Skin",">200","Xenograft Orthotopic",">0.3",25.8971500102304
"390","Other","Colon","<10","Allograft Orthotopic","0.05-0.3",1332.26077638826
"391","Iron Oxide","Breast","<10","Xenograft Heterotopic",">0.3",65.1259693386787
"392","Iron Oxide","Colon",">200","Xenograft Heterotopic","0.05-0.3",0.0067513425848597
"393","Other","Cervix","10-100","Xenograft Heterotopic","0.05-0.3",447.370034303354
"394","Gold","Pancreas","100-200","Allograft Orthotopic",">0.3",3.00051740483249
"395","Silica","Breast","<10","Allograft Heterotopic",">0.3",403.690202137798
"396","Gold","Ovary",">200","Allograft Orthotopic",">0.3",32.7036863525817
"397","Silica","Colon","10-100","Allograft Orthotopic",">0.3",13.5651323004989
"398","Other","Pancreas",">200","Xenograft Heterotopic","0.05-0.3",0.781056738703474
"399","Other","Cervix",">200","Allograft Orthotopic",">0.3",393.59171135899
"400","Silica","Prostate","10-100","Allograft Orthotopic",">0.3",17.9971165395077
"401","Gold","Others","100-200","Allograft Heterotopic","0.05-0.3",2.50834998606179
"402","Gold","Brain",">200","Allograft Heterotopic",">0.3",1.3556411175966
"403","Other","Colon","10-100","Xenograft Heterotopic","0.05-0.3",1.35328919434819
"404","Gold","Brain",">200","Allograft Orthotopic",">0.3",11.7915753915956
"405","Silica","Lung","<10","Xenograft Orthotopic",">0.3",52.181589015071
"406","Other","Brain","<10","Xenograft Heterotopic","<0.05",2069.99688603921
"407","Other","Pancreas","10-100","Xenograft Heterotopic",">0.3",28.6407610753223
"408","Silica","Pancreas","10-100","Xenograft Orthotopic",">0.3",0.343429241563412
"409","Silica","Lung","100-200","Allograft Orthotopic",">0.3",28.9771256474676
"410","Iron Oxide","Pancreas","<10","Xenograft Orthotopic",">0.3",61.1656205903849
"411","Gold","Prostate","10-100","Allograft Heterotopic",">0.3",2.7211976299148
"412","Gold","Skin","10-100","Xenograft Orthotopic","0.05-0.3",11.1547586815546
"413","Gold","Breast",">200","Allograft Heterotopic","0.05-0.3",0.118266590822561
"414","Silica","Brain","<10","Xenograft Orthotopic","0.05-0.3",24.7893622459578
"415","Silica","Colon","100-200","Xenograft Orthotopic",">0.3",0.000987314135894634
"416","Gold","Prostate","10-100","Xenograft Orthotopic",">0.3",1.20034232979952
"417","Iron Oxide","Brain","10-100","Allograft Heterotopic",">0.3",93.5285345371605
"418","Silica","Brain","100-200","Allograft Heterotopic",">0.3",4.03746699587681
"419","Other","Others","10-100","Xenograft Heterotopic",">0.3",789.231453469071
"420","Silica","Breast","10-100","Allograft Heterotopic",">0.3",24.8001459247882
"421","Gold","Breast","10-100","Xenograft Heterotopic",">0.3",0.711504441858817
"422","Silica","Brain","10-100","Xenograft Heterotopic",">0.3",20.8976458916949
"423","Iron Oxide","Others","10-100","Xenograft Orthotopic",">0.3",9.66849992055916
"424","Gold","Colon","<10","Allograft Orthotopic",">0.3",46.9970285775055
"425","Iron Oxide","Cervix","10-100","Allograft Heterotopic",">0.3",3570.94293742902
"426","Iron Oxide","Colon","<10","Allograft Orthotopic",">0.3",635.387438177329
"427","Silica","Skin","10-100","Allograft Heterotopic",">0.3",242.955113514409
"428","Silica","Others","<10","Xenograft Heterotopic",">0.3",264.481230608596
"429","Gold","Others","100-200","Xenograft Heterotopic",">0.3",0.627008491166446
"430","Silica","Ovary","100-200","Allograft Heterotopic",">0.3",4.73200289190744
"431","Iron Oxide","Skin","10-100","Xenograft Heterotopic",">0.3",14213.0135578799
"432","Iron Oxide","Brain","10-100","Xenograft Orthotopic",">0.3",2.61220380078737
"433","Other","Ovary",">200","Xenograft Orthotopic",">0.3",8.15536505445773
"434","Other","Prostate","100-200","Allograft Heterotopic",">0.3",16.8875964766692
"435","Iron Oxide","Others","<10","Xenograft Orthotopic",">0.3",643.646242583671
"436","Silica","Breast","100-200","Allograft Orthotopic",">0.3",1.90784296990517
"437","Other","Cervix","100-200","Xenograft Heterotopic",">0.3",43.9605738301521
"438","Iron Oxide","Brain","<10","Xenograft Heterotopic",">0.3",2711.07151203508
"439","Other","Prostate","10-100","Allograft Heterotopic","0.05-0.3",990.865471026112
"440","Silica","Skin","10-100","Allograft Orthotopic","0.05-0.3",19300.3218631429
"441","Silica","Brain","<10","Xenograft Heterotopic",">0.3",255.238881403482
"442","Other","Others",">200","Xenograft Heterotopic",">0.3",11.9119475484412
"443","Iron Oxide","Pancreas","<10","Xenograft Orthotopic","0.05-0.3",20.5241055873218
"444","Other","Others","100-200","Allograft Orthotopic",">0.3",737.940298095322
"445","Silica","Brain","100-200","Allograft Orthotopic","0.05-0.3",10.937381062491
"446","Other","Breast","10-100","Allograft Orthotopic",">0.3",8978.63237467355
"447","Silica","Cervix","<10","Allograft Orthotopic",">0.3",19844.0704488699
"448","Other","Ovary","10-100","Allograft Heterotopic",">0.3",1349.3734196818
"449","Iron Oxide","Prostate","<10","Xenograft Orthotopic","0.05-0.3",23.6022333982535
"450","Silica","Colon",">200","Allograft Heterotopic",">0.3",0.0143167941182968
"451","Gold","Brain","<10","Xenograft Heterotopic",">0.3",54.8450846846893
"452","Silica","Lung","10-100","Xenograft Heterotopic","0.05-0.3",22.2743629070013
"453","Other","Pancreas","<10","Xenograft Orthotopic",">0.3",1022.65435896947
"454","Other","Skin","<10","Xenograft Heterotopic",">0.3",330653.568013718
"455","Iron Oxide","Brain","<10","Xenograft Orthotopic",">0.3",146.0917915533
"456","Other","Brain","10-100","Allograft Heterotopic",">0.3",367.387761576211
"457","Other","Pancreas","10-100","Xenograft Orthotopic","0.05-0.3",1.67247559718674
"458","Iron Oxide","Cervix","<10","Xenograft Orthotopic",">0.3",1144.12742295518
"459","Iron Oxide","Brain","10-100","Allograft Orthotopic",">0.3",1230.21038931147
"460","Other","Lung","<10","Allograft Orthotopic",">0.3",104910.148758965
"461","Gold","Skin","100-200","Allograft Orthotopic",">0.3",886.162389167828
"462","Iron Oxide","Lung","10-100","Allograft Orthotopic",">0.3",2770.49707143438
"463","Other","Colon","10-100","Allograft Heterotopic",">0.3",3.33922643586531
"464","Iron Oxide","Skin","10-100","Xenograft Heterotopic",">0.3",1382.55552869674
"465","Other","Pancreas","10-100","Xenograft Orthotopic",">0.3",24.8288331192041
"466","Gold","Prostate","10-100","Allograft Orthotopic",">0.3",12.2038654643719
"467","Silica","Lung","10-100","Allograft Orthotopic",">0.3",1711.66484947785
"468","Other","Brain","<10","Xenograft Orthotopic",">0.3",839.797465229229
"469","Other","Ovary","10-100","Xenograft Orthotopic",">0.3",43.0208947777073
"470","Gold","Ovary","10-100","Allograft Heterotopic",">0.3",42.6718834897467
"471","Silica","Pancreas","10-100","Xenograft Orthotopic",">0.3",0.302966698209442
"472","Iron Oxide","Pancreas","10-100","Xenograft Heterotopic",">0.3",37.4494938987396
"473","Other","Brain","10-100","Xenograft Orthotopic",">0.3",342.016744439049
"474","Gold","Prostate","<10","Allograft Orthotopic",">0.3",2643.4131429203
"475","Iron Oxide","Lung","10-100","Xenograft Heterotopic",">0.3",69.8815858830179
"476","Iron Oxide","Cervix",">200","Xenograft Orthotopic",">0.3",0.617182745244077
"477","Other","Skin","10-100","Allograft Orthotopic",">0.3",2190835.2631773
"478","Silica","Cervix","10-100","Allograft Orthotopic","0.05-0.3",87.4968006431834
"479","Gold","Others","100-200","Xenograft Heterotopic","0.05-0.3",0.343286546951748
"480","Iron Oxide","Prostate","<10","Allograft Heterotopic",">0.3",5361.30693947537
"481","Gold","Breast","<10","Allograft Orthotopic",">0.3",1848.26906906686
"482","Iron Oxide","Lung","<10","Allograft Orthotopic",">0.3",92903.8904894302
"483","Gold","Lung","10-100","Xenograft Orthotopic",">0.3",2.41290482291345
"484","Other","Others","<10","Xenograft Orthotopic","0.05-0.3",4646.42900770635
"485","Other","Pancreas","<10","Xenograft Orthotopic","0.05-0.3",188.01215161512
"486","Iron Oxide","Pancreas","<10","Allograft Heterotopic",">0.3",1495.83812009316
"487","Other","Skin","10-100","Allograft Orthotopic",">0.3",1018090.78011969
"488","Iron Oxide","Brain","10-100","Allograft Heterotopic","<0.05",783.116248674475
"489","Other","Ovary","10-100","Allograft Heterotopic",">0.3",20663.9092008681
"490","Gold","Skin","<10","Xenograft Orthotopic",">0.3",1538.61002114129
"491","Iron Oxide","Lung",">200","Xenograft Heterotopic",">0.3",1.39324490131182
"492","Other","Others","10-100","Allograft Orthotopic",">0.3",4247.03126223447
"493","Silica","Cervix","10-100","Allograft Heterotopic",">0.3",223.811411653934
"494","Other","Others","<10","Xenograft Orthotopic","0.05-0.3",1930.88691855041
"495","Other","Breast","10-100","Xenograft Orthotopic",">0.3",29.4137191705957
"496","Iron Oxide","Colon","<10","Xenograft Heterotopic",">0.3",7.81007845898743
"497","Iron Oxide","Breast","100-200","Allograft Heterotopic","0.05-0.3",1.52769081659626
"498","Gold","Prostate","10-100","Allograft Orthotopic",">0.3",482.044919075335
"499","Gold","Cervix","<10","Allograft Heterotopic",">0.3",3137.95503955656
"500","Gold","Ovary","10-100","Xenograft Heterotopic",">0.3",47.8414276126501
"501","Silica","Ovary","10-100","Allograft Heterotopic","0.05-0.3",15.7307258188383
"502","Other","Lung","<10","Xenograft Orthotopic",">0.3",1965.52905787333
"503","Other","Skin","10-100","Allograft Heterotopic",">0.3",217250.567057951
"504","Silica","Prostate","10-100","Allograft Heterotopic","0.05-0.3",8.3070786253572
"505","Silica","Others","<10","Xenograft Heterotopic",">0.3",249.418734617796
"506","Gold","Colon","10-100","Allograft Heterotopic",">0.3",2.88965041250039
"507","Other","Prostate","100-200","Allograft Heterotopic","0.05-0.3",24.3449732649393
"508","Other","Prostate","10-100","Allograft Orthotopic",">0.3",5593.81974105719
"509","Silica","Ovary","10-100","Allograft Heterotopic","0.05-0.3",14.2208263922624
"510","Other","Pancreas","10-100","Allograft Orthotopic","0.05-0.3",4636.79449492442
"511","Iron Oxide","Colon","100-200","Allograft Heterotopic","<0.05",0.0939847583562298
"512","Iron Oxide","Pancreas","10-100","Xenograft Orthotopic","0.05-0.3",0.903949284565719
"513","Iron Oxide","Ovary","<10","Allograft Heterotopic","0.05-0.3",19145.9613737417
"514","Iron Oxide","Ovary","10-100","Allograft Heterotopic",">0.3",3035.53003909879
"515","Iron Oxide","Ovary","10-100","Xenograft Orthotopic","0.05-0.3",172.255854867952
"516","Gold","Others","10-100","Xenograft Heterotopic","0.05-0.3",1.29801230527594
"517","Iron Oxide","Pancreas","100-200","Allograft Heterotopic",">0.3",9.44600278510009
"518","Other","Pancreas","10-100","Allograft Orthotopic","0.05-0.3",1325.14982730729
"519","Other","Breast","<10","Allograft Orthotopic",">0.3",10213.7502429605
"520","Gold","Prostate","100-200","Allograft Orthotopic","0.05-0.3",7.31717980058313
"521","Iron Oxide","Pancreas","10-100","Xenograft Heterotopic",">0.3",54.8798612459271
"522","Silica","Cervix",">200","Xenograft Orthotopic","0.05-0.3",0.0610941335004348
"523","Iron Oxide","Pancreas","<10","Xenograft Orthotopic",">0.3",40.6495236159431
"524","Silica","Prostate","10-100","Xenograft Heterotopic",">0.3",0.339751717952557
"525","Other","Cervix","10-100","Xenograft Orthotopic",">0.3",24.9555136416627
"526","Silica","Prostate","10-100","Xenograft Orthotopic",">0.3",2.13686325935405
"527","Silica","Cervix","10-100","Allograft Orthotopic",">0.3",287.873571285139
"528","Gold","Prostate","10-100","Allograft Orthotopic",">0.3",63.810787795276
"529","Other","Pancreas","10-100","Allograft Orthotopic","0.05-0.3",499.017971909035
"530","Iron Oxide","Cervix","100-200","Allograft Heterotopic",">0.3",68.6578389553866
"531","Silica","Skin","100-200","Xenograft Heterotopic",">0.3",11.9978873254947
"532","Other","Pancreas",">200","Xenograft Heterotopic",">0.3",1.13055794896347
"533","Silica","Ovary","10-100","Allograft Orthotopic",">0.3",3439.64837725662
"534","Other","Lung","10-100","Allograft Orthotopic",">0.3",2164.77608549244
"535","Iron Oxide","Prostate","<10","Xenograft Heterotopic",">0.3",223.15530811896
"536","Other","Ovary","10-100","Xenograft Heterotopic",">0.3",326.792307647621
"537","Gold","Brain","<10","Xenograft Orthotopic","0.05-0.3",47.8773005494159
"538","Silica","Ovary","10-100","Xenograft Orthotopic",">0.3",6.38385446123734
"539","Iron Oxide","Skin","100-200","Xenograft Heterotopic",">0.3",96.2611790878028
"540","Other","Breast","10-100","Allograft Heterotopic",">0.3",162.064497636755
"541","Gold","Cervix","<10","Allograft Heterotopic",">0.3",3522.09785879083
"542","Gold","Lung","<10","Allograft Heterotopic",">0.3",1370.21587395549
"543","Other","Lung","10-100","Xenograft Orthotopic",">0.3",93.4756295091546
"544","Gold","Cervix","10-100","Xenograft Orthotopic","0.05-0.3",1.34579480936084
"545","Gold","Pancreas","10-100","Allograft Heterotopic",">0.3",3.24488287803046
"546","Other","Pancreas","10-100","Allograft Heterotopic",">0.3",1117.04073519875
"547","Iron Oxide","Pancreas","10-100","Xenograft Heterotopic",">0.3",19.18231948931
"548","Gold","Breast","10-100","Allograft Heterotopic",">0.3",9.66442747612649
"549","Silica","Ovary",">200","Allograft Heterotopic",">0.3",5.60235416117349
"550","Iron Oxide","Colon","100-200","Xenograft Orthotopic",">0.3",0.0125009523650135
"551","Iron Oxide","Ovary","<10","Allograft Orthotopic",">0.3",114548.067103101
"552","Gold","Brain","<10","Allograft Orthotopic",">0.3",4948.41362883346
"553","Other","Cervix",">200","Allograft Heterotopic",">0.3",49.9441011720037
"554","Gold","Lung","100-200","Allograft Heterotopic",">0.3",9.02811556783455
"555","Other","Others",">200","Allograft Heterotopic",">0.3",73.2492571854872
"556","Silica","Skin","10-100","Allograft Heterotopic","0.05-0.3",1586.95462849926
"557","Gold","Colon","10-100","Allograft Orthotopic",">0.3",1.53636547923267
"558","Iron Oxide","Pancreas","10-100","Allograft Orthotopic",">0.3",168.169716844729
"559","Other","Brain","10-100","Xenograft Heterotopic",">0.3",143.99459387373
"560","Other","Skin","10-100","Allograft Heterotopic",">0.3",17162.2577537639
"561","Iron Oxide","Skin","10-100","Allograft Orthotopic",">0.3",173254.501329034
"562","Iron Oxide","Prostate","10-100","Allograft Orthotopic",">0.3",2201.0125067309
"563","Iron Oxide","Lung","10-100","Xenograft Orthotopic",">0.3",36.2569980149117
"564","Silica","Breast",">200","Xenograft Orthotopic",">0.3",0.00870025579064663
"565","Silica","Brain",">200","Allograft Heterotopic",">0.3",1.20252289767228
"566","Silica","Lung","100-200","Allograft Orthotopic",">0.3",17.5211587646123
"567","Other","Colon","100-200","Allograft Orthotopic",">0.3",12.3495464291624
"568","Silica","Pancreas","100-200","Xenograft Orthotopic","0.05-0.3",0.0152129592475322
"569","Gold","Lung","10-100","Allograft Orthotopic",">0.3",1849.46813890392
"570","Iron Oxide","Breast","10-100","Xenograft Orthotopic",">0.3",4.39528328569867
"571","Iron Oxide","Ovary","<10","Xenograft Orthotopic",">0.3",3539.93189074472
"572","Silica","Others","10-100","Xenograft Heterotopic",">0.3",3.10372099404718
"573","Other","Prostate","<10","Allograft Heterotopic","0.05-0.3",5026.60078763302
"574","Gold","Prostate","<10","Allograft Orthotopic",">0.3",1825.00632423346
"575","Iron Oxide","Pancreas","10-100","Allograft Heterotopic","0.05-0.3",15.7152537673619
"576","Iron Oxide","Cervix","10-100","Xenograft Heterotopic","0.05-0.3",9.50908054274472
"577","Gold","Cervix","10-100","Allograft Orthotopic",">0.3",2179.11854509672
"578","Iron Oxide","Skin","10-100","Xenograft Heterotopic","0.05-0.3",1411.82822929899
"579","Silica","Others","<10","Xenograft Orthotopic",">0.3",25.1307912892851
"580","Silica","Breast","10-100","Allograft Heterotopic",">0.3",3.86860359596018
"581","Iron Oxide","Colon","<10","Xenograft Heterotopic",">0.3",11.8737293415445
"582","Iron Oxide","Pancreas","100-200","Xenograft Orthotopic",">0.3",0.280456500580298
"583","Gold","Pancreas","10-100","Allograft Heterotopic",">0.3",3.45983383240122
"584","Other","Lung","10-100","Xenograft Heterotopic",">0.3",737.961720912685
"585","Silica","Skin",">200","Allograft Heterotopic",">0.3",45.2242401289656
"586","Gold","Pancreas","<10","Allograft Orthotopic",">0.3",3742.40486315196
"587","Iron Oxide","Others","10-100","Xenograft Orthotopic",">0.3",28.3004484509986
"588","Gold","Breast","<10","Xenograft Heterotopic",">0.3",15.5940135795609
"589","Gold","Pancreas","10-100","Allograft Orthotopic",">0.3",16.621750735222
"590","Silica","Ovary","<10","Allograft Heterotopic",">0.3",7831.82538129899
"591","Silica","Brain","<10","Allograft Orthotopic",">0.3",2389.07897783691
"592","Other","Pancreas","<10","Allograft Orthotopic",">0.3",38703.3878498317
"593","Other","Prostate","10-100","Xenograft Orthotopic",">0.3",74.2625885409307
"594","Other","Prostate","10-100","Xenograft Orthotopic",">0.3",8.70691779015418
"595","Other","Breast","10-100","Xenograft Orthotopic","0.05-0.3",6.34468656216644
"596","Silica","Others","10-100","Allograft Orthotopic",">0.3",339.656865196855
"597","Iron Oxide","Skin","10-100","Xenograft Orthotopic",">0.3",121.052976319081
"598","Silica","Cervix","<10","Xenograft Heterotopic",">0.3",46.5375885187839
"599","Iron Oxide","Brain","10-100","Xenograft Heterotopic","0.05-0.3",7.37087974856585
"600","Iron Oxide","Lung","10-100","Allograft Orthotopic",">0.3",3791.3967035622
"601","Gold","Lung","10-100","Xenograft Heterotopic",">0.3",35.4988650971395
"602","Other","Cervix","10-100","Xenograft Heterotopic",">0.3",1660.69625636592
"603","Gold","Lung","100-200","Allograft Heterotopic",">0.3",3.63238974242616
"604","Gold","Breast","<10","Allograft Orthotopic","<0.05",210.746317652231
"605","Gold","Breast","<10","Xenograft Heterotopic",">0.3",27.9183183823622
"606","Iron Oxide","Ovary","100-200","Allograft Heterotopic",">0.3",121.617033226628
"607","Gold","Pancreas","10-100","Xenograft Orthotopic","0.05-0.3",0.355740592091806
"608","Other","Colon","10-100","Allograft Orthotopic",">0.3",23.6358558107186
"609","Other","Prostate","100-200","Allograft Orthotopic",">0.3",163.931848268047
"610","Gold","Brain","100-200","Xenograft Heterotopic",">0.3",0.67248612367403
"611","Silica","Ovary","10-100","Allograft Orthotopic",">0.3",7112.05948624107
"612","Silica","Ovary","10-100","Allograft Orthotopic",">0.3",234.716981333995
"613","Other","Lung","<10","Allograft Heterotopic",">0.3",183394.077315218
"614","Iron Oxide","Prostate","10-100","Allograft Heterotopic",">0.3",201.774282772694
"615","Silica","Lung","10-100","Allograft Orthotopic","0.05-0.3",113.406284813264
"616","Gold","Colon","10-100","Allograft Heterotopic","0.05-0.3",1.31517839750257
"617","Iron Oxide","Prostate","100-200","Allograft Orthotopic",">0.3",40.4843692628354
"618","Gold","Skin","<10","Xenograft Orthotopic",">0.3",7412.58696609769
"619","Gold","Colon","100-200","Xenograft Orthotopic",">0.3",0.00115706265362396
"620","Silica","Colon","<10","Allograft Orthotopic",">0.3",77.8287393974809
"621","Gold","Ovary","<10","Allograft Heterotopic",">0.3",3185.20912131401
"622","Other","Pancreas","10-100","Xenograft Orthotopic",">0.3",21.8295784092456
"623","Gold","Colon","10-100","Allograft Heterotopic","0.05-0.3",0.0873416141844975
"624","Silica","Cervix","10-100","Allograft Orthotopic","0.05-0.3",32.4933828319691
"625","Gold","Pancreas","<10","Allograft Heterotopic","<0.05",471.052142837165
"626","Iron Oxide","Brain","10-100","Xenograft Orthotopic",">0.3",84.9100250741377
"627","Iron Oxide","Breast","10-100","Allograft Heterotopic",">0.3",33.6300168588971
"628","Gold","Colon","100-200","Allograft Heterotopic",">0.3",0.0614688395866331
"629","Silica","Brain","10-100","Xenograft Heterotopic",">0.3",29.062800873387
"630","Iron Oxide","Breast","10-100","Xenograft Orthotopic","<0.05",4.5821433474769
"631","Other","Brain","10-100","Xenograft Orthotopic",">0.3",339.656239020914
"632","Other","Breast","100-200","Allograft Orthotopic","<0.05",63.6423987021305
"633","Gold","Skin","10-100","Allograft Heterotopic",">0.3",4307.30006793491
"634","Iron Oxide","Others","10-100","Allograft Heterotopic",">0.3",1879.64571297136
"635","Other","Lung","100-200","Allograft Heterotopic",">0.3",161.905966699812
"636","Iron Oxide","Pancreas","100-200","Xenograft Heterotopic","0.05-0.3",0.393701983481028
"637","Other","Skin","<10","Allograft Orthotopic","0.05-0.3",2518753.27734713
"638","Gold","Ovary","<10","Xenograft Heterotopic",">0.3",608.015717616936
"639","Gold","Colon",">200","Xenograft Heterotopic","0.05-0.3",0.00134197530745167
"640","Other","Brain","<10","Allograft Orthotopic",">0.3",129871.720441253
"641","Gold","Pancreas","10-100","Allograft Orthotopic","<0.05",308.510889722379
"642","Silica","Colon","100-200","Allograft Heterotopic",">0.3",0.0438386215950941
"643","Iron Oxide","Cervix","<10","Xenograft Heterotopic",">0.3",3035.99039405238
"644","Gold","Brain","10-100","Allograft Orthotopic",">0.3",858.488411002346
"645","Other","Pancreas","<10","Xenograft Orthotopic","0.05-0.3",127.79538878932
"646","Other","Prostate",">200","Allograft Heterotopic",">0.3",10.1946590328534
"647","Iron Oxide","Prostate","10-100","Allograft Orthotopic","0.05-0.3",515.625022017417
"648","Iron Oxide","Cervix","<10","Allograft Heterotopic",">0.3",14108.9849809965
"649","Iron Oxide","Skin","10-100","Allograft Orthotopic","0.05-0.3",155637.316945442
"650","Other","Colon","10-100","Xenograft Orthotopic","0.05-0.3",0.0924073354974867
"651","Silica","Brain","100-200","Allograft Heterotopic","0.05-0.3",2.29143934755636
"652","Other","Others","100-200","Allograft Heterotopic","0.05-0.3",147.960743360106
"653","Iron Oxide","Pancreas","10-100","Xenograft Orthotopic","0.05-0.3",0.464248072777987
"654","Iron Oxide","Lung","100-200","Xenograft Orthotopic","0.05-0.3",1.44402167584049
"655","Gold","Brain","<10","Allograft Heterotopic",">0.3",3346.55171768963
"656","Iron Oxide","Ovary","<10","Xenograft Heterotopic","0.05-0.3",2355.23488533793
"657","Gold","Ovary","10-100","Xenograft Orthotopic",">0.3",3.16434217546614
"658","Other","Brain","10-100","Allograft Orthotopic",">0.3",30739.8318008491
"659","Silica","Ovary","10-100","Xenograft Orthotopic","0.05-0.3",1.70643898598206
"660","Silica","Colon","10-100","Xenograft Orthotopic","<0.05",0.0027116806802942
"661","Other","Colon","100-200","Allograft Orthotopic",">0.3",10.9101173839727
"662","Other","Lung","100-200","Allograft Orthotopic","0.05-0.3",401.200810634222
"663","Silica","Ovary","10-100","Allograft Orthotopic","0.05-0.3",131.173664680009
"664","Iron Oxide","Skin","10-100","Xenograft Orthotopic","0.05-0.3",99.6965084573943
"665","Other","Colon","<10","Allograft Orthotopic","0.05-0.3",3124.66743690275
"666","Silica","Skin","10-100","Xenograft Heterotopic",">0.3",81.3707444366367
"667","Iron Oxide","Others","10-100","Xenograft Heterotopic",">0.3",201.698314844584
"668","Silica","Ovary","<10","Xenograft Orthotopic","0.05-0.3",201.778220570784
"669","Silica","Colon","10-100","Xenograft Heterotopic",">0.3",0.0805825845126293
"670","Iron Oxide","Skin",">200","Allograft Orthotopic",">0.3",2095.19178610617
"671","Other","Prostate","<10","Allograft Heterotopic",">0.3",7778.23853761803
"672","Gold","Prostate","<10","Allograft Heterotopic",">0.3",171.184718058035
"673","Other","Breast","10-100","Xenograft Orthotopic",">0.3",1.96950057406607
"674","Other","Prostate","10-100","Allograft Orthotopic",">0.3",5599.81697395072
"675","Other","Ovary","10-100","Xenograft Orthotopic","0.05-0.3",189.558043910042
"676","Gold","Cervix","<10","Allograft Heterotopic",">0.3",3235.15083783591
"677","Silica","Breast","10-100","Xenograft Heterotopic",">0.3",0.345401354946611
"678","Gold","Others","<10","Allograft Orthotopic",">0.3",12873.2172044016
"679","Silica","Ovary","10-100","Xenograft Heterotopic","0.05-0.3",18.7066681749446
"680","Gold","Brain","<10","Allograft Heterotopic",">0.3",1887.40694349979
"681","Iron Oxide","Others","<10","Allograft Orthotopic",">0.3",83627.4674809251
"682","Gold","Colon","<10","Allograft Heterotopic","0.05-0.3",20.9721738155046
"683","Gold","Brain","10-100","Xenograft Orthotopic",">0.3",12.6148209062345
"684","Iron Oxide","Pancreas","<10","Xenograft Heterotopic","0.05-0.3",57.6776999805068
"685","Iron Oxide","Lung","100-200","Xenograft Heterotopic",">0.3",3.66353012526637
"686","Other","Ovary",">200","Allograft Orthotopic",">0.3",1275.21153860192
"687","Gold","Skin","100-200","Xenograft Heterotopic",">0.3",26.364730578248
"688","Other","Others","<10","Xenograft Heterotopic",">0.3",2851.05172884163
"689","Gold","Breast","10-100","Xenograft Orthotopic","0.05-0.3",0.575655109391421
"690","Other","Brain","<10","Allograft Orthotopic","0.05-0.3",133974.806680872
"691","Other","Colon","10-100","Xenograft Heterotopic",">0.3",8.42084764098517
"692","Gold","Others","10-100","Xenograft Orthotopic",">0.3",7.76218510168037
"693","Iron Oxide","Ovary","10-100","Allograft Orthotopic",">0.3",14341.4725122012
"694","Gold","Ovary","100-200","Allograft Heterotopic",">0.3",20.1862676193387
"695","Silica","Prostate","<10","Xenograft Orthotopic",">0.3",41.4281104968528
"696","Other","Breast","<10","Xenograft Heterotopic",">0.3",1362.61725248685
"697","Silica","Skin","<10","Allograft Heterotopic",">0.3",37039.0866599069
"698","Other","Pancreas","<10","Xenograft Heterotopic",">0.3",304.196933141201
"699","Gold","Skin","10-100","Xenograft Orthotopic",">0.3",27.1789527308163
"700","Silica","Colon","<10","Xenograft Heterotopic","0.05-0.3",0.863501918487274
"701","Gold","Breast","10-100","Allograft Orthotopic","0.05-0.3",16.5113743742015
"702","Gold","Lung","100-200","Allograft Orthotopic",">0.3",41.2040241603156
"703","Iron Oxide","Cervix","10-100","Xenograft Orthotopic","0.05-0.3",18.971527713627
"704","Silica","Skin","<10","Allograft Orthotopic",">0.3",616822.219467103
"705","Gold","Ovary","10-100","Xenograft Heterotopic",">0.3",145.230326436724
"706","Gold","Colon","10-100","Xenograft Heterotopic",">0.3",0.0669508609145227
"707","Iron Oxide","Cervix","<10","Allograft Orthotopic",">0.3",41728.3680055784
"708","Iron Oxide","Prostate","<10","Xenograft Heterotopic",">0.3",330.345381029371
"709","Gold","Colon","<10","Allograft Orthotopic",">0.3",100.545478746214
"710","Iron Oxide","Lung","10-100","Allograft Orthotopic",">0.3",12522.6036575581
"711","Gold","Pancreas","100-200","Allograft Orthotopic",">0.3",4.9281122648355
"712","Gold","Lung","10-100","Xenograft Orthotopic",">0.3",0.581290256980868
"713","Silica","Colon","<10","Allograft Heterotopic","0.05-0.3",3.2619030268415
"714","Iron Oxide","Pancreas","10-100","Allograft Orthotopic",">0.3",1462.06292376325
"715","Silica","Others","10-100","Allograft Heterotopic",">0.3",372.304024693108
"716","Iron Oxide","Ovary","10-100","Allograft Orthotopic",">0.3",842.093198722154
"717","Iron Oxide","Prostate","<10","Allograft Orthotopic",">0.3",5326.77035022177
"718","Iron Oxide","Pancreas","<10","Allograft Heterotopic",">0.3",3497.34584183226
"719","Iron Oxide","Brain","10-100","Allograft Heterotopic","0.05-0.3",580.171109576765
"720","Silica","Prostate","10-100","Xenograft Heterotopic",">0.3",0.640270836692952
"721","Other","Brain","10-100","Xenograft Heterotopic",">0.3",79.4643325249011
"722","Gold","Brain","10-100","Xenograft Orthotopic",">0.3",1.44759814344074
"723","Iron Oxide","Breast","100-200","Allograft Orthotopic",">0.3",11.6219532494867
"724","Other","Brain","10-100","Xenograft Orthotopic",">0.3",15.1754467719524
"725","Gold","Others","<10","Allograft Heterotopic",">0.3",4528.74952367442
"726","Gold","Ovary","10-100","Xenograft Orthotopic","0.05-0.3",1.05688272571708
"727","Gold","Breast","10-100","Xenograft Heterotopic",">0.3",1.60919204605665
"728","Gold","Cervix","10-100","Xenograft Heterotopic",">0.3",106.524032572107
"729","Silica","Breast","10-100","Allograft Heterotopic",">0.3",13.8087716152016
"730","Silica","Breast","10-100","Xenograft Orthotopic",">0.3",1.5395165082353
"731","Other","Others","10-100","Xenograft Heterotopic","0.05-0.3",409.896894037752
"732","Gold","Brain","10-100","Allograft Orthotopic",">0.3",73.440294120277
"733","Other","Ovary","100-200","Xenograft Orthotopic",">0.3",18.7470934549272
"734","Silica","Breast","<10","Allograft Orthotopic",">0.3",1431.50573381068
"735","Iron Oxide","Pancreas","<10","Allograft Heterotopic",">0.3",844.283250052102
"736","Iron Oxide","Colon","10-100","Allograft Heterotopic","0.05-0.3",5.19885129647105
"737","Gold","Lung","100-200","Xenograft Orthotopic","0.05-0.3",0.138488723787179
"738","Iron Oxide","Ovary","10-100","Xenograft Orthotopic",">0.3",19.3717884446634
"739","Silica","Ovary","10-100","Allograft Orthotopic","0.05-0.3",3486.82638565024
"740","Silica","Breast","<10","Allograft Orthotopic",">0.3",1963.09617344424
"741","Iron Oxide","Ovary","<10","Xenograft Orthotopic",">0.3",502.134087212719
"742","Other","Pancreas","100-200","Allograft Heterotopic",">0.3",15.3682529183929
"743","Iron Oxide","Breast","<10","Allograft Heterotopic",">0.3",1572.34193821699
"744","Other","Lung","<10","Allograft Orthotopic",">0.3",225581.694680248
"745","Iron Oxide","Breast","100-200","Allograft Heterotopic",">0.3",6.03649450084967
"746","Iron Oxide","Skin","<10","Xenograft Heterotopic",">0.3",55848.8705805291
"747","Gold","Brain","<10","Xenograft Heterotopic",">0.3",53.2362174973327
"748","Silica","Skin","<10","Xenograft Orthotopic",">0.3",3811.64193987209
"749","Other","Ovary","10-100","Allograft Heterotopic",">0.3",3147.76778011854
"750","Other","Breast","100-200","Allograft Orthotopic",">0.3",171.482747391338
"751","Gold","Breast","10-100","Xenograft Heterotopic",">0.3",1.87162620205308
"752","Iron Oxide","Prostate","<10","Xenograft Orthotopic","0.05-0.3",34.2841240720699
"753","Iron Oxide","Others","10-100","Allograft Heterotopic",">0.3",503.002633497054
"754","Other","Pancreas",">200","Xenograft Orthotopic",">0.3",0.374158934293456
"755","Silica","Others","10-100","Xenograft Orthotopic",">0.3",0.875499656495938
"756","Gold","Lung","100-200","Allograft Orthotopic",">0.3",27.2624474772892
"757","Silica","Prostate","10-100","Xenograft Orthotopic",">0.3",0.671059866835335
"758","Silica","Cervix","10-100","Xenograft Orthotopic","<0.05",5.264293177177
"759","Gold","Lung",">200","Allograft Heterotopic",">0.3",1.73553366251882
"760","Gold","Prostate","10-100","Allograft Heterotopic",">0.3",5.90493798494111
"761","Other","Colon","100-200","Xenograft Orthotopic",">0.3",0.103816062928232
"762","Silica","Colon",">200","Allograft Heterotopic",">0.3",0.00979449795129831
"763","Gold","Skin","<10","Allograft Heterotopic","<0.05",46372.4243787486
"764","Other","Colon","10-100","Allograft Orthotopic",">0.3",20.6006140033033
"765","Silica","Brain","<10","Allograft Orthotopic",">0.3",6555.51527880818
"766","Iron Oxide","Others","100-200","Allograft Orthotopic",">0.3",311.263224338152
"767","Iron Oxide","Cervix","100-200","Xenograft Heterotopic",">0.3",4.48982559466677
"768","Silica","Lung","<10","Allograft Orthotopic",">0.3",23423.0747670115
"769","Iron Oxide","Brain","10-100","Xenograft Heterotopic",">0.3",19.1718558209536
"770","Iron Oxide","Breast","10-100","Allograft Orthotopic",">0.3",935.614796822254
"771","Other","Ovary","<10","Allograft Heterotopic",">0.3",119356.029451428
"772","Other","Colon","10-100","Xenograft Orthotopic",">0.3",3.08300699656875
"773","Silica","Lung","100-200","Allograft Heterotopic",">0.3",3.41585806025916
"774","Other","Lung","100-200","Xenograft Orthotopic",">0.3",5.09260678550199
"775","Gold","Skin",">200","Xenograft Orthotopic","0.05-0.3",2.16799855927331
"776","Other","Lung","100-200","Xenograft Heterotopic","0.05-0.3",16.6890128149822
"777","Other","Colon","10-100","Allograft Orthotopic",">0.3",171.350999213745
"778","Other","Brain","<10","Allograft Orthotopic","0.05-0.3",378932.746936188
"779","Iron Oxide","Colon","10-100","Xenograft Heterotopic","0.05-0.3",1.15099264620615
"780","Other","Skin","<10","Allograft Heterotopic","0.05-0.3",3955149.87534501
"781","Iron Oxide","Breast","10-100","Xenograft Heterotopic",">0.3",4.41766147233919
"782","Other","Brain","<10","Allograft Orthotopic","0.05-0.3",212908.991067736
"783","Iron Oxide","Colon","<10","Allograft Orthotopic",">0.3",638.443435000366
"784","Silica","Cervix","10-100","Xenograft Heterotopic","0.05-0.3",4.86603585858061
"785","Silica","Lung","100-200","Allograft Orthotopic",">0.3",25.8380773910599
"786","Gold","Colon","<10","Allograft Heterotopic",">0.3",5.10605959262716
"787","Iron Oxide","Cervix","100-200","Allograft Orthotopic",">0.3",210.518845721536
"788","Gold","Pancreas","10-100","Xenograft Orthotopic","0.05-0.3",1.97738618858297
"789","Silica","Colon","<10","Xenograft Heterotopic",">0.3",2.14830044545344
"790","Other","Pancreas","<10","Xenograft Heterotopic",">0.3",544.657949913583
"791","Gold","Cervix","10-100","Xenograft Heterotopic",">0.3",52.9023533197832
"792","Iron Oxide","Lung","10-100","Xenograft Heterotopic",">0.3",62.9562450197684
"793","Other","Breast","<10","Xenograft Orthotopic",">0.3",590.183405159853
"794","Gold","Cervix","10-100","Xenograft Heterotopic",">0.3",12.6528735268031
"795","Iron Oxide","Breast","100-200","Allograft Heterotopic",">0.3",4.35511291263729
"796","Other","Brain","<10","Xenograft Heterotopic",">0.3",7000.55001021278
"797","Gold","Pancreas",">200","Allograft Heterotopic",">0.3",0.402179256210652
"798","Other","Others","100-200","Xenograft Heterotopic",">0.3",16.4025397242675
"799","Iron Oxide","Ovary","10-100","Allograft Orthotopic","0.05-0.3",1946.70419097484
"800","Gold","Prostate","<10","Allograft Orthotopic",">0.3",1941.04647709374
"801","Other","Lung","10-100","Xenograft Orthotopic",">0.3",14.3906317709346
"802","Gold","Pancreas","10-100","Allograft Orthotopic","0.05-0.3",11.5442025380857
"803","Other","Skin","10-100","Allograft Orthotopic",">0.3",372217.465357039
"804","Gold","Ovary","100-200","Allograft Orthotopic","0.05-0.3",78.5608657305522
"805","Other","Lung","<10","Xenograft Heterotopic",">0.3",12558.7612269841
"806","Other","Breast","10-100","Xenograft Heterotopic","0.05-0.3",44.8942379582892
"807","Silica","Cervix","100-200","Allograft Orthotopic",">0.3",20.758746566007
"808","Other","Pancreas","10-100","Allograft Orthotopic",">0.3",13009.7602736342
"809","Other","Cervix","<10","Xenograft Heterotopic","0.05-0.3",5925.6550105145
"810","Other","Pancreas","10-100","Allograft Orthotopic",">0.3",10117.552864788
"811","Silica","Cervix","10-100","Allograft Orthotopic","0.05-0.3",59.8756943561554
"812","Gold","Skin","<10","Xenograft Heterotopic","0.05-0.3",6266.7232393312
"813","Silica","Lung","10-100","Allograft Heterotopic","0.05-0.3",172.120334943953
"814","Gold","Colon","10-100","Xenograft Orthotopic",">0.3",0.192715537517435
"815","Other","Lung",">200","Xenograft Orthotopic",">0.3",3.62628594038977
"816","Other","Brain","10-100","Allograft Orthotopic","0.05-0.3",6209.22544765807
"817","Iron Oxide","Brain","<10","Allograft Heterotopic",">0.3",18469.1483035514
"818","Iron Oxide","Lung","10-100","Xenograft Heterotopic",">0.3",46.625058657268
"819","Gold","Ovary","<10","Allograft Heterotopic",">0.3",10340.3839535261
"820","Gold","Lung","10-100","Xenograft Orthotopic",">0.3",24.1094134866589
"821","Silica","Ovary","<10","Allograft Heterotopic","0.05-0.3",2767.92793251551
"822","Silica","Skin","10-100","Allograft Heterotopic",">0.3",4667.11938238199
"823","Other","Lung","<10","Xenograft Heterotopic","<0.05",4063.42134520436
"824","Silica","Pancreas","100-200","Allograft Heterotopic",">0.3",0.766871966210685
"825","Iron Oxide","Others","10-100","Allograft Orthotopic","0.05-0.3",245.861967514313
"826","Iron Oxide","Colon",">200","Allograft Orthotopic",">0.3",0.418102940251213
"827","Other","Skin","10-100","Allograft Heterotopic",">0.3",56824.5708668423
"828","Iron Oxide","Ovary","10-100","Allograft Heterotopic","0.05-0.3",1230.89811390166
"829","Silica","Prostate","10-100","Xenograft Heterotopic",">0.3",2.4619261836553
"830","Gold","Prostate","10-100","Xenograft Orthotopic",">0.3",1.54063004088635
"831","Gold","Cervix","10-100","Allograft Heterotopic","0.05-0.3",178.83721631353
"832","Other","Skin","<10","Allograft Orthotopic",">0.3",25842130.88439
"833","Iron Oxide","Pancreas","10-100","Xenograft Orthotopic","0.05-0.3",0.315921416182249
"834","Iron Oxide","Colon","<10","Xenograft Orthotopic","0.05-0.3",5.17136368903916
"835","Iron Oxide","Cervix","100-200","Allograft Orthotopic",">0.3",289.030492523509
"836","Other","Colon","10-100","Allograft Orthotopic",">0.3",25.2722184738076
"837","Gold","Cervix","100-200","Xenograft Orthotopic",">0.3",0.188787179786339
"838","Iron Oxide","Others","10-100","Xenograft Orthotopic",">0.3",16.9990831372436
"839","Gold","Pancreas","<10","Xenograft Orthotopic","0.05-0.3",11.8139052843431
"840","Silica","Lung","10-100","Allograft Heterotopic",">0.3",357.961451714407
"841","Other","Others","10-100","Xenograft Heterotopic",">0.3",2772.25489484252
"842","Iron Oxide","Pancreas","<10","Allograft Heterotopic",">0.3",1287.38744592953
"843","Silica","Ovary","10-100","Allograft Heterotopic",">0.3",34.2717847635144
"844","Iron Oxide","Colon","100-200","Xenograft Heterotopic",">0.3",0.0251199740822747
"845","Silica","Pancreas","10-100","Allograft Heterotopic","0.05-0.3",11.7259615507994
"846","Gold","Ovary",">200","Allograft Heterotopic",">0.3",5.26346573853565
"847","Iron Oxide","Prostate","<10","Allograft Heterotopic",">0.3",1491.10356037492
"848","Gold","Colon","10-100","Xenograft Orthotopic",">0.3",0.00452228617210551
"849","Gold","Others","100-200","Xenograft Orthotopic","0.05-0.3",0.14730571302347
"850","Other","Prostate","100-200","Xenograft Heterotopic","0.05-0.3",1.46512259591675
"851","Gold","Colon","10-100","Allograft Orthotopic",">0.3",7.63004933132741
"852","Other","Brain","<10","Xenograft Orthotopic",">0.3",5522.5425830694
"853","Gold","Cervix",">200","Xenograft Orthotopic",">0.3",0.139823168153873
"854","Silica","Brain","<10","Xenograft Orthotopic","0.05-0.3",16.488641456542
"855","Silica","Lung","10-100","Xenograft Heterotopic",">0.3",8.53342159115556
"856","Other","Skin","<10","Xenograft Heterotopic",">0.3",128093.86518314
"857","Iron Oxide","Breast","10-100","Xenograft Orthotopic",">0.3",1.14314779946663
"858","Gold","Prostate","100-200","Xenograft Heterotopic",">0.3",0.104565981868062
"859","Silica","Pancreas","100-200","Allograft Orthotopic","<0.05",1.44410123492768
"860","Gold","Brain","10-100","Allograft Heterotopic",">0.3",14.5464305240356
"861","Silica","Prostate","10-100","Allograft Heterotopic",">0.3",18.7695270026458
"862","Silica","Brain","10-100","Xenograft Orthotopic",">0.3",2.30202547507212
"863","Silica","Pancreas","<10","Xenograft Orthotopic",">0.3",8.2710389843187
"864","Gold","Prostate","10-100","Allograft Heterotopic",">0.3",54.5333576470728
"865","Silica","Colon","100-200","Allograft Orthotopic",">0.3",0.086033231212407
"866","Silica","Lung","10-100","Xenograft Orthotopic",">0.3",8.789784942228
"867","Other","Skin","<10","Allograft Orthotopic","0.05-0.3",16906842.7233533
"868","Iron Oxide","Cervix","<10","Allograft Heterotopic",">0.3",17454.7885803548
"869","Silica","Lung","10-100","Xenograft Heterotopic",">0.3",12.2465316994144
"870","Silica","Colon",">200","Xenograft Orthotopic","0.05-0.3",0.000275155666052156
"871","Other","Cervix","10-100","Xenograft Heterotopic",">0.3",1303.67303705922
"872","Other","Colon","10-100","Xenograft Orthotopic",">0.3",0.404751664066641
"873","Iron Oxide","Cervix","10-100","Xenograft Heterotopic",">0.3",73.3270008678483
"874","Silica","Brain","<10","Allograft Heterotopic","0.05-0.3",621.561763972073
"875","Other","Breast","10-100","Allograft Orthotopic",">0.3",565.860678795862
"876","Iron Oxide","Skin","100-200","Allograft Heterotopic","0.05-0.3",1368.83607779538
"877","Silica","Lung","100-200","Allograft Orthotopic",">0.3",17.8917553147254
"878","Other","Colon","<10","Allograft Orthotopic",">0.3",781.020640968977
"879","Iron Oxide","Brain","10-100","Xenograft Heterotopic",">0.3",138.078637682503
"880","Other","Cervix","100-200","Xenograft Orthotopic",">0.3",7.40396442194245
"881","Other","Colon","<10","Allograft Orthotopic","0.05-0.3",676.786719639329
"882","Silica","Others","10-100","Xenograft Heterotopic","0.05-0.3",1.0975453883903
"883","Silica","Breast","10-100","Allograft Heterotopic","0.05-0.3",7.98622787070813
"884","Iron Oxide","Lung","<10","Allograft Heterotopic",">0.3",10051.3443287633
"885","Iron Oxide","Skin",">200","Xenograft Heterotopic",">0.3",50.073999926066
"886","Silica","Lung","10-100","Xenograft Heterotopic",">0.3",2.69236388097609
"887","Other","Breast","100-200","Allograft Orthotopic",">0.3",152.215060498589
"888","Other","Breast","100-200","Xenograft Orthotopic",">0.3",1.39372918562132
"889","Iron Oxide","Skin","10-100","Allograft Heterotopic",">0.3",70977.0635229076
"890","Iron Oxide","Prostate","10-100","Allograft Heterotopic","<0.05",105.311399695435
"891","Silica","Breast","10-100","Allograft Heterotopic",">0.3",9.82568185658259
"892","Other","Skin","100-200","Xenograft Heterotopic","0.05-0.3",657.053926174138
"893","Iron Oxide","Breast","<10","Allograft Heterotopic","0.05-0.3",1305.95170943277
"894","Iron Oxide","Colon","10-100","Allograft Orthotopic",">0.3",29.2517688650118
"895","Gold","Colon","<10","Allograft Orthotopic",">0.3",142.386211451621
"896","Gold","Ovary","10-100","Allograft Heterotopic",">0.3",233.743423365349
"897","Silica","Brain","100-200","Allograft Heterotopic","<0.05",2.2469429950316
"898","Other","Colon","<10","Xenograft Heterotopic",">0.3",69.2099051290404
"899","Other","Colon","<10","Allograft Heterotopic",">0.3",353.56545011732
"900","Iron Oxide","Brain","10-100","Allograft Orthotopic","0.05-0.3",222.623926770273
"901","Gold","Colon",">200","Allograft Heterotopic",">0.3",0.0193671295708364
"902","Silica","Brain","10-100","Xenograft Heterotopic","<0.05",16.7904758896154
"903","Other","Breast","<10","Xenograft Heterotopic",">0.3",492.737306113445
"904","Silica","Lung","100-200","Xenograft Heterotopic","0.05-0.3",0.387031323405741
"905","Iron Oxide","Colon","10-100","Allograft Orthotopic","0.05-0.3",25.7024260138573
"906","Iron Oxide","Pancreas","100-200","Xenograft Heterotopic",">0.3",1.29192611566836
"907","Silica","Prostate","<10","Xenograft Heterotopic",">0.3",34.361158537287
"908","Other","Others",">200","Allograft Heterotopic",">0.3",71.7459989931559
"909","Silica","Colon","100-200","Allograft Orthotopic",">0.3",0.201568211420771
"910","Silica","Others","10-100","Allograft Heterotopic",">0.3",107.097643839968
"911","Gold","Brain","100-200","Allograft Orthotopic",">0.3",21.1580095314451
"912","Gold","Breast","<10","Allograft Orthotopic",">0.3",952.272870508687
"913","Silica","Colon",">200","Allograft Heterotopic",">0.3",0.0182224797371565
"914","Iron Oxide","Ovary",">200","Allograft Heterotopic","<0.05",13.1391669161646
"915","Iron Oxide","Skin","<10","Allograft Orthotopic",">0.3",2535542.7204243
"916","Other","Brain","10-100","Xenograft Orthotopic",">0.3",332.075363926564
"917","Silica","Colon","10-100","Xenograft Heterotopic",">0.3",0.0117565369328588
"918","Gold","Breast","<10","Xenograft Heterotopic","<0.05",42.6203169844392
"919","Silica","Pancreas","10-100","Allograft Orthotopic",">0.3",36.991479330957
"920","Iron Oxide","Prostate","10-100","Xenograft Orthotopic",">0.3",0.520401741574758
"921","Silica","Others","10-100","Xenograft Orthotopic","0.05-0.3",2.13365672449193
"922","Gold","Brain","100-200","Allograft Heterotopic",">0.3",7.44313757123431
"923","Gold","Lung","100-200","Xenograft Orthotopic",">0.3",0.490081902585917
"924","Iron Oxide","Ovary","100-200","Allograft Heterotopic",">0.3",61.3885034919666
"925","Silica","Brain","10-100","Allograft Orthotopic",">0.3",116.084273244711
"926","Silica","Prostate","10-100","Xenograft Orthotopic",">0.3",0.731437158353705
"927","Silica","Skin","<10","Xenograft Heterotopic",">0.3",9681.46923268257
"928","Other","Ovary","10-100","Xenograft Orthotopic","0.05-0.3",38.8682048132814
"929","Silica","Others","<10","Xenograft Orthotopic","0.05-0.3",83.5858047320591
"930","Silica","Brain","10-100","Xenograft Heterotopic",">0.3",2.46119635203635
"931","Gold","Brain","10-100","Xenograft Orthotopic","0.05-0.3",1.0187236934911
"932","Silica","Ovary","<10","Xenograft Heterotopic",">0.3",195.772465031722
"933","Other","Others",">200","Allograft Orthotopic",">0.3",756.159180006806
"934","Gold","Ovary","10-100","Xenograft Heterotopic",">0.3",12.1052950671246
"935","Silica","Colon","<10","Allograft Heterotopic","0.05-0.3",13.8927709575298
"936","Silica","Cervix","<10","Allograft Heterotopic",">0.3",2796.83205854129
"937","Gold","Brain","<10","Allograft Heterotopic",">0.3",1341.63878037247
"938","Gold","Lung","10-100","Xenograft Orthotopic",">0.3",1.55564586318637
"939","Gold","Lung","<10","Allograft Heterotopic",">0.3",1368.39649011484
"940","Iron Oxide","Colon","<10","Xenograft Orthotopic","<0.05",2.86230868621736
"941","Other","Skin",">200","Allograft Orthotopic",">0.3",9142.02875498243
"942","Silica","Ovary","10-100","Xenograft Heterotopic",">0.3",18.2001785889266
"943","Silica","Prostate","100-200","Allograft Heterotopic",">0.3",0.85239589654785
"944","Iron Oxide","Lung","<10","Allograft Orthotopic","0.05-0.3",52171.7891915442
"945","Silica","Others","<10","Allograft Heterotopic",">0.3",2125.56806886034
"946","Other","Brain","10-100","Allograft Orthotopic",">0.3",4213.1960574959
"947","Silica","Brain","10-100","Allograft Heterotopic",">0.3",15.6543481273676
"948","Gold","Lung","100-200","Xenograft Orthotopic",">0.3",0.154643577572888
"949","Iron Oxide","Prostate","<10","Xenograft Orthotopic","0.05-0.3",85.9464412548486
"950","Iron Oxide","Breast","<10","Xenograft Orthotopic",">0.3",31.7618116126104
"951","Silica","Prostate","<10","Allograft Orthotopic","0.05-0.3",424.045788423068
"952","Iron Oxide","Cervix","10-100","Allograft Orthotopic",">0.3",1426.86236540172
"953","Other","Ovary","<10","Allograft Orthotopic",">0.3",481250.745449933
"954","Other","Lung","10-100","Xenograft Orthotopic",">0.3",942.522613950562
"955","Gold","Breast","<10","Xenograft Heterotopic",">0.3",46.7702745413748
"956","Gold","Lung",">200","Xenograft Orthotopic","0.05-0.3",0.0715604866126777
"957","Gold","Pancreas","10-100","Xenograft Heterotopic",">0.3",14.0417529143913
"958","Silica","Prostate","10-100","Xenograft Orthotopic",">0.3",0.203408178177842
"959","Iron Oxide","Prostate","10-100","Xenograft Orthotopic",">0.3",1.21154039773842
"960","Other","Skin",">200","Allograft Heterotopic",">0.3",3486.10853214033
"961","Gold","Cervix","<10","Allograft Heterotopic","0.05-0.3",2189.23007496082
"962","Gold","Prostate","10-100","Xenograft Heterotopic",">0.3",1.15770385381006
"963","Silica","Prostate","10-100","Xenograft Heterotopic","0.05-0.3",0.244356945936978
"964","Silica","Pancreas","10-100","Allograft Heterotopic",">0.3",46.5578711522164
"965","Silica","Cervix","<10","Xenograft Orthotopic","0.05-0.3",92.258896502882
"966","Silica","Cervix","<10","Xenograft Orthotopic",">0.3",134.201347424936
"967","Gold","Skin","10-100","Allograft Heterotopic",">0.3",3639.96813376952
"968","Silica","Skin","<10","Xenograft Heterotopic",">0.3",11458.0178633373
"969","Gold","Skin","10-100","Allograft Heterotopic","0.05-0.3",6131.60580209255
"970","Silica","Cervix","100-200","Xenograft Orthotopic","0.05-0.3",0.0982046361023059
"971","Gold","Lung","10-100","Xenograft Orthotopic",">0.3",21.8679127191979
"972","Other","Lung","10-100","Allograft Orthotopic","0.05-0.3",1970.32263324772
"973","Iron Oxide","Breast","10-100","Allograft Orthotopic",">0.3",49.1930607924061
"974","Iron Oxide","Skin","10-100","Allograft Heterotopic",">0.3",7384.45481864868
"975","Silica","Ovary","10-100","Xenograft Orthotopic",">0.3",5.35701123061546
"976","Other","Ovary","10-100","Allograft Orthotopic","0.05-0.3",97613.1441950657
"977","Other","Lung","<10","Xenograft Orthotopic",">0.3",2840.12915534662
"978","Iron Oxide","Colon","<10","Allograft Orthotopic","0.05-0.3",243.343612210849
"979","Gold","Colon","10-100","Allograft Orthotopic",">0.3",21.06057777045
"980","Silica","Pancreas","<10","Xenograft Orthotopic",">0.3",3.23347940180317
"981","Silica","Lung","10-100","Xenograft Heterotopic",">0.3",21.5876933385684
"982","Iron Oxide","Pancreas","10-100","Allograft Heterotopic",">0.3",100.700771752973
"983","Other","Colon","100-200","Allograft Orthotopic",">0.3",4.71564223687999
"984","Iron Oxide","Skin","<10","Allograft Orthotopic",">0.3",2281974.11059672
"985","Gold","Colon","10-100","Xenograft Orthotopic","0.05-0.3",0.0264668612351197
"986","Iron Oxide","Cervix","10-100","Allograft Heterotopic",">0.3",99.3685528914685
"987","Iron Oxide","Pancreas","10-100","Allograft Heterotopic",">0.3",401.133865108689
"988","Gold","Pancreas","10-100","Allograft Orthotopic",">0.3",734.847323526822
"989","Gold","Colon","10-100","Xenograft Orthotopic","0.05-0.3",0.0199062717525752
"990","Silica","Brain","<10","Allograft Orthotopic",">0.3",15802.9705341133
"991","Silica","Skin","10-100","Xenograft Heterotopic",">0.3",651.784527982679
"992","Silica","Pancreas","<10","Allograft Orthotopic",">0.3",1034.43678509813
"993","Iron Oxide","Ovary","10-100","Xenograft Orthotopic",">0.3",49.8012881996621
"994","Other","Prostate","10-100","Xenograft Heterotopic",">0.3",71.8891082238517
"995","Gold","Pancreas","10-100","Xenograft Heterotopic",">0.3",0.292204851566489
"996","Other","Breast","10-100","Allograft Orthotopic",">0.3",2526.58583722818
"997","Gold","Skin","<10","Allograft Heterotopic","0.05-0.3",33047.8730604388
"998","Iron Oxide","Ovary",">200","Xenograft Orthotopic","0.05-0.3",1.18045791650833
"999","Silica","Breast","<10","Xenograft Orthotopic",">0.3",5.55154951820944
"1000","Iron Oxide","Skin","10-100","Allograft Orthotopic","0.05-0.3",17380.5895243876
