"","Materials","Targeting","Cancer","Shape","HD.category","surface.charge","DE"
"1","Hydrogel","Active","Glioma","Plate","100-200","Positive",0.0244177378153568
"2","Liposome","Active","Sarcoma","Others",">200","Negative",0.040796728695435
"3","Liposome","Passive","Breast","Spherical",">200","Neutral",0.315100322507912
"4","ONM others","Active","Ovary","Rod",">200","Negative",0.613859600024403
"5","Liposome","Active","Ovary","Spherical","100-200","Neutral",0.360396720582582
"6","Liposome","Active","Skin","Spherical","100-200","Positive",0.511380619818072
"7","Polymeric","Passive","Sarcoma","Spherical",">200","Negative",2.30879292605388
"8","ONM others","Active","Liver","Rod",">200","Positive",0.777240596599963
"9","Dendrimer","Active","Skin","Spherical",">200","Negative",6.93102831150076
"10","Liposome","Passive","Cervix","Spherical",">200","Negative",0.493998206673626
"11","Liposome","Passive","Brain","Rod",">200","Negative",0.117567038561689
"12","Polymeric","Passive","Skin","Spherical","100-200","Neutral",1.06871628239166
"13","Polymeric","Active","Pancreas","Rod",">200","Negative",1.04689321588366
"14","Liposome","Active","Brain","Others",">200","Positive",0.0117174190956942
"15","Hydrogel","Passive","Sarcoma","Spherical",">200","Neutral",1.27566845396901
"16","Dendrimer","Passive","Ovary","Plate","100-200","Negative",4.94975020721414
"17","Hydrogel","Active","Cervix","Others","100-200","Neutral",0.0518503208777279
"18","Liposome","Active","Pancreas","Others","100-200","Negative",0.0143918421581534
"19","Hydrogel","Passive","Pancreas","Others","100-200","Negative",0.0161585730946149
"20","Polymeric","Active","Prostate","Plate","100-200","Positive",3.70587465387771
"21","Hydrogel","Passive","Lung","Others",">200","Neutral",0.010478565646366
"22","Hydrogel","Passive","Glioma","Spherical",">200","Negative",0.00868395295161524
"23","Dendrimer","Active","Colon","Plate","100-200","Neutral",8.4193284478008
"24","Hydrogel","Active","Glioma","Others","100-200","Positive",0.000718076095852903
"25","Liposome","Passive","Prostate","Spherical",">200","Negative",0.331278370495978
"26","Polymeric","Active","Brain","Spherical",">200","Positive",0.675818855283799
"27","ONM others","Passive","Liver","Spherical","100-200","Negative",0.396499140861986
"28","Hydrogel","Passive","Skin","Spherical",">200","Neutral",0.443191996973171
"29","Dendrimer","Active","Others","Rod",">200","Neutral",7.69866436949581
"30","Hydrogel","Passive","Liver","Spherical","100-200","Positive",0.368073586431128
"31","Dendrimer","Active","Liver","Spherical",">200","Neutral",5.72590119916272
"32","Dendrimer","Active","Brain","Plate","100-200","Negative",3.7850461706433
"33","Polymeric","Active","Skin","Rod",">200","Positive",1.53494795664194
"34","Hydrogel","Active","Liver","Spherical",">200","Negative",0.298917835324666
"35","ONM others","Active","Prostate","Others","100-200","Negative",0.0413727730833969
"36","ONM others","Active","Ovary","Spherical",">200","Neutral",0.871530318363568
"37","Hydrogel","Passive","Brain","Spherical",">200","Neutral",0.18473075335715
"38","ONM others","Passive","Others","Spherical","100-200","Negative",0.532358027273352
"39","Dendrimer","Passive","Sarcoma","Others",">200","Negative",0.543579293245301
"40","Hydrogel","Active","Prostate","Plate","100-200","Neutral",1.31807582310527
"41","ONM others","Passive","Glioma","Plate","100-200","Negative",0.0198891435786449
"42","Dendrimer","Active","Pancreas","Others",">200","Negative",0.350496905829845
"43","Dendrimer","Passive","Others","Plate","100-200","Positive",10.7216793593704
"44","Hydrogel","Active","Colon","Others","100-200","Neutral",0.0160864264744533
"45","ONM others","Passive","Sarcoma","Spherical",">200","Positive",3.11381656402271
"46","Polymeric","Passive","Skin","Rod","100-200","Neutral",0.878527625180257
"47","Dendrimer","Active","Breast","Spherical","100-200","Neutral",5.73887303435655
"48","ONM others","Passive","Skin","Others",">200","Negative",0.0265052728150307
"49","ONM others","Passive","Liver","Rod",">200","Neutral",0.512238757953316
"50","Liposome","Passive","Lung","Plate","100-200","Negative",0.202857194526384
"51","Liposome","Active","Breast","Spherical","100-200","Positive",0.461084179349352
"52","Hydrogel","Passive","Others","Plate","100-200","Negative",0.478413296672276
"53","Polymeric","Passive","Brain","Plate","100-200","Negative",0.534433880966412
"54","Polymeric","Active","Skin","Rod",">200","Neutral",1.31542977563181
"55","Liposome","Active","Pancreas","Plate",">200","Negative",0.752833612568943
"56","Dendrimer","Active","Skin","Spherical","100-200","Neutral",7.77286399026931
"57","Dendrimer","Active","Prostate","Others",">200","Negative",0.364859887744535
"58","Dendrimer","Passive","Skin","Plate","100-200","Negative",6.024861534881
"59","ONM others","Active","Sarcoma","Spherical",">200","Negative",2.68046209455987
"60","Hydrogel","Active","Others","Plate","100-200","Negative",0.602748500131246
"61","Dendrimer","Active","Sarcoma","Others","100-200","Neutral",0.864677494741196
"62","Polymeric","Active","Skin","Others",">200","Negative",0.0560496708376949
"63","Liposome","Active","Brain","Others","100-200","Neutral",0.00748104257097291
"64","Hydrogel","Passive","Sarcoma","Spherical","100-200","Positive",1.35007428083038
"65","ONM others","Active","Skin","Rod",">200","Positive",1.07272294397464
"66","Dendrimer","Passive","Prostate","Spherical","100-200","Negative",5.46569828379916
"67","Polymeric","Passive","Sarcoma","Others",">200","Positive",0.163116000398707
"68","Liposome","Active","Skin","Plate","100-200","Negative",0.521764476963804
"69","Dendrimer","Passive","Ovary","Rod",">200","Positive",5.81702407500312
"70","ONM others","Passive","Sarcoma","Spherical","100-200","Negative",1.79589061250779
"71","Polymeric","Active","Skin","Others","100-200","Positive",0.0702013357348167
"72","ONM others","Active","Liver","Rod",">200","Positive",0.75070959091716
"73","ONM others","Active","Prostate","Plate",">200","Positive",3.16853379747203
"74","Dendrimer","Active","Glioma","Plate","100-200","Positive",0.390534871365412
"75","ONM others","Active","Colon","Spherical",">200","Negative",0.69113010097775
"76","Hydrogel","Active","Sarcoma","Plate",">200","Neutral",2.37677837362966
"77","Liposome","Active","Colon","Spherical",">200","Positive",0.454800071158513
"78","ONM others","Passive","Glioma","Rod",">200","Negative",0.015358846651148
"79","Liposome","Passive","Sarcoma","Plate",">200","Negative",1.34187316099072
"80","Dendrimer","Passive","Prostate","Spherical","100-200","Negative",5.44231407087622
"81","Polymeric","Active","Breast","Spherical","100-200","Negative",0.847095655571466
"82","Liposome","Passive","Skin","Rod",">200","Positive",0.465085610828387
"83","Dendrimer","Passive","Lung","Spherical","100-200","Negative",1.93386967379415
"84","ONM others","Passive","Cervix","Spherical",">200","Neutral",1.52534001425118
"85","Dendrimer","Active","Breast","Spherical","100-200","Neutral",5.50472860312262
"86","Polymeric","Active","Breast","Rod",">200","Negative",0.776608907708868
"87","ONM others","Passive","Colon","Plate",">200","Negative",0.634748762376418
"88","Liposome","Active","Ovary","Plate",">200","Negative",0.557491088326329
"89","Hydrogel","Passive","Sarcoma","Plate",">200","Positive",2.56433345116411
"90","Dendrimer","Active","Prostate","Rod","100-200","Negative",6.61989454177391
"91","Liposome","Active","Prostate","Others",">200","Positive",0.0398011317277169
"92","Hydrogel","Passive","Glioma","Others","100-200","Negative",0.000358914900048291
"93","Polymeric","Passive","Liver","Others",">200","Negative",0.0284144025588916
"94","Hydrogel","Passive","Colon","Plate","100-200","Negative",0.331002087165694
"95","Hydrogel","Active","Glioma","Others",">200","Positive",0.000845982996567617
"96","ONM others","Passive","Glioma","Spherical",">200","Positive",0.0228496473700085
"97","Polymeric","Passive","Liver","Plate",">200","Neutral",1.04692768556765
"98","Liposome","Passive","Cervix","Others","100-200","Neutral",0.0269403240760326
"99","Liposome","Passive","Breast","Others",">200","Positive",0.0176935972291482
"100","Liposome","Passive","Others","Others",">200","Neutral",0.0137001796482835
"101","ONM others","Passive","Breast","Plate","100-200","Negative",0.702312636366232
"102","Dendrimer","Passive","Lung","Rod","100-200","Neutral",2.31096115297815
"103","ONM others","Passive","Prostate","Spherical",">200","Negative",0.991114758343487
"104","Polymeric","Passive","Breast","Spherical","100-200","Negative",0.623488428217709
"105","ONM others","Passive","Prostate","Rod","100-200","Positive",1.12222005376994
"106","Liposome","Passive","Others","Rod",">200","Neutral",0.336750025652566
"107","Dendrimer","Passive","Glioma","Spherical",">200","Negative",0.116920686417106
"108","Liposome","Active","Colon","Plate","100-200","Negative",0.370747760612186
"109","Hydrogel","Active","Glioma","Plate","100-200","Positive",0.0290310418768531
"110","Polymeric","Passive","Glioma","Rod",">200","Negative",0.0159051703554294
"111","ONM others","Passive","Others","Rod","100-200","Negative",0.50816446441453
"112","Polymeric","Passive","Colon","Plate","100-200","Negative",1.0718123312515
"113","Hydrogel","Passive","Colon","Plate","100-200","Positive",0.671153872372511
"114","Polymeric","Passive","Ovary","Rod","100-200","Negative",0.571089008849806
"115","Polymeric","Passive","Glioma","Others","100-200","Positive",0.0010568198623643
"116","Liposome","Passive","Pancreas","Rod",">200","Positive",0.422922544665831
"117","ONM others","Passive","Sarcoma","Others",">200","Negative",0.0696829437005579
"118","Hydrogel","Passive","Ovary","Plate","100-200","Negative",0.488204590784399
"119","Hydrogel","Passive","Prostate","Plate",">200","Negative",0.96495941051706
"120","Polymeric","Passive","Skin","Spherical","100-200","Neutral",1.04874547191851
"121","ONM others","Passive","Pancreas","Rod",">200","Neutral",0.925659267711329
"122","Hydrogel","Active","Brain","Others",">200","Positive",0.0133704538923841
"123","Hydrogel","Active","Others","Spherical",">200","Neutral",0.617179500095635
"124","Hydrogel","Passive","Others","Spherical","100-200","Negative",0.323801631959468
"125","ONM others","Active","Brain","Others","100-200","Negative",0.0126873061372834
"126","ONM others","Passive","Liver","Plate","100-200","Neutral",0.683509411546982
"127","Dendrimer","Active","Glioma","Spherical",">200","Negative",0.126603034123728
"128","Polymeric","Active","Cervix","Spherical","100-200","Negative",2.19606123334582
"129","Liposome","Passive","Pancreas","Spherical",">200","Positive",0.495111890618053
"130","ONM others","Passive","Pancreas","Plate","100-200","Neutral",1.50674465285093
"131","Liposome","Active","Prostate","Rod","100-200","Negative",0.440772250665812
"132","Dendrimer","Active","Brain","Others","100-200","Negative",0.119311322425168
"133","Hydrogel","Passive","Breast","Plate",">200","Negative",0.514538416145753
"134","Dendrimer","Passive","Lung","Others",">200","Negative",0.118442864569016
"135","Hydrogel","Passive","Cervix","Spherical","100-200","Neutral",0.828716325327863
"136","ONM others","Active","Sarcoma","Rod","100-200","Neutral",2.48795185242684
"137","Dendrimer","Passive","Glioma","Spherical","100-200","Neutral",0.113450874138598
"138","ONM others","Passive","Colon","Others","100-200","Negative",0.0214256451070572
"139","Dendrimer","Active","Sarcoma","Others",">200","Positive",1.20370168155348
"140","Dendrimer","Passive","Ovary","Rod",">200","Negative",3.10285945398455
"141","Liposome","Passive","Pancreas","Spherical",">200","Negative",0.27896041650973
"142","Hydrogel","Active","Breast","Plate","100-200","Negative",0.568032092335532
"143","Liposome","Active","Others","Others",">200","Neutral",0.0195536160000771
"144","Hydrogel","Passive","Others","Spherical","100-200","Negative",0.375809589332864
"145","Dendrimer","Active","Lung","Spherical",">200","Neutral",3.52105500796613
"146","ONM others","Passive","Sarcoma","Others","100-200","Negative",0.0773577213869344
"147","Hydrogel","Passive","Liver","Spherical",">200","Positive",0.370405196918161
"148","Polymeric","Active","Glioma","Others","100-200","Positive",0.00172413158482092
"149","ONM others","Passive","Prostate","Spherical","100-200","Positive",1.14680272284419
"150","Liposome","Active","Glioma","Others",">200","Negative",0.000428029418721341
"151","Polymeric","Active","Prostate","Rod","100-200","Negative",1.36426272577055
"152","Hydrogel","Passive","Brain","Spherical","100-200","Negative",0.127162816950217
"153","Liposome","Passive","Breast","Spherical",">200","Positive",0.362940361641653
"154","Dendrimer","Active","Ovary","Rod","100-200","Neutral",5.31005886907407
"155","Dendrimer","Active","Sarcoma","Plate","100-200","Negative",21.6586687501919
"156","Liposome","Passive","Cervix","Rod",">200","Positive",0.774618747384716
"157","Dendrimer","Passive","Skin","Rod","100-200","Neutral",5.16830266541494
"158","Dendrimer","Passive","Prostate","Rod","100-200","Positive",7.52683148906914
"159","Polymeric","Passive","Brain","Spherical","100-200","Positive",0.480293047817006
"160","Hydrogel","Active","Glioma","Rod","100-200","Positive",0.0154583496188501
"161","Liposome","Passive","Lung","Rod","100-200","Negative",0.120644447165221
"162","Dendrimer","Passive","Liver","Plate","100-200","Neutral",6.40640384951743
"163","Hydrogel","Active","Brain","Rod",">200","Positive",0.297201558647937
"164","Dendrimer","Passive","Cervix","Rod","100-200","Negative",7.81538571409446
"165","Polymeric","Active","Liver","Others","100-200","Positive",0.0412263134166402
"166","Polymeric","Passive","Lung","Plate","100-200","Negative",0.519057009557021
"167","Polymeric","Active","Pancreas","Plate",">200","Negative",2.40603622661682
"168","Dendrimer","Active","Brain","Spherical","100-200","Positive",4.07744415337933
"169","Hydrogel","Passive","Skin","Spherical",">200","Negative",0.316198477344623
"170","Liposome","Active","Liver","Others",">200","Negative",0.0111312271717706
"171","ONM others","Passive","Skin","Plate","100-200","Neutral",1.36541369796128
"172","Polymeric","Passive","Skin","Others",">200","Neutral",0.0423171222090539
"173","ONM others","Active","Ovary","Rod",">200","Positive",0.999385815513015
"174","Polymeric","Active","Lung","Plate","100-200","Negative",0.807884377660543
"175","Liposome","Active","Brain","Others","100-200","Neutral",0.00734466505906328
"176","Dendrimer","Passive","Colon","Rod","100-200","Negative",2.47852308404346
"177","Dendrimer","Passive","Sarcoma","Plate",">200","Negative",22.5398696001997
"178","ONM others","Passive","Cervix","Others",">200","Neutral",0.0626625567204734
"179","ONM others","Passive","Colon","Plate",">200","Neutral",0.974791072935745
"180","Hydrogel","Active","Sarcoma","Plate",">200","Negative",1.66205394428601
"181","ONM others","Passive","Cervix","Spherical",">200","Negative",1.15500558246901
"182","Liposome","Passive","Pancreas","Others","100-200","Negative",0.0140348011311715
"183","Dendrimer","Active","Prostate","Spherical","100-200","Negative",7.35549169560902
"184","Polymeric","Passive","Brain","Rod","100-200","Negative",0.315450178843618
"185","Liposome","Active","Prostate","Spherical",">200","Negative",0.494443223869775
"186","Hydrogel","Active","Ovary","Plate","100-200","Neutral",0.783755982589656
"187","Dendrimer","Passive","Skin","Rod","100-200","Neutral",5.42227225011826
"188","ONM others","Active","Glioma","Rod",">200","Neutral",0.0221994192880942
"189","Liposome","Passive","Lung","Spherical",">200","Neutral",0.175582166770536
"190","Polymeric","Passive","Lung","Spherical","100-200","Neutral",0.433618357198652
"191","ONM others","Active","Brain","Spherical","100-200","Negative",0.30992000707696
"192","Polymeric","Passive","Prostate","Spherical","100-200","Negative",0.943290955297282
"193","Hydrogel","Active","Cervix","Rod","100-200","Negative",0.69626976035791
"194","Hydrogel","Passive","Colon","Others",">200","Positive",0.0197187453399077
"195","Polymeric","Passive","Skin","Others","100-200","Negative",0.0286435217939317
"196","Hydrogel","Active","Sarcoma","Others",">200","Negative",0.0532960540749173
"197","Polymeric","Passive","Pancreas","Spherical",">200","Positive",1.58366070995762
"198","Polymeric","Active","Pancreas","Plate",">200","Positive",3.18497217005783
"199","Polymeric","Passive","Colon","Plate",">200","Neutral",1.4962555042673
"200","Hydrogel","Active","Skin","Spherical","100-200","Negative",0.482732954132174
"201","Hydrogel","Passive","Liver","Spherical",">200","Negative",0.197212946916657
"202","Dendrimer","Passive","Ovary","Others",">200","Negative",0.187107583389291
"203","ONM others","Active","Others","Rod","100-200","Positive",1.0514894673166
"204","Hydrogel","Active","Brain","Spherical","100-200","Negative",0.150201161092452
"205","Liposome","Active","Others","Spherical",">200","Positive",0.583830261300942
"206","Hydrogel","Passive","Glioma","Rod",">200","Negative",0.00911362031881785
"207","ONM others","Passive","Brain","Rod","100-200","Negative",0.231198053255469
"208","ONM others","Passive","Colon","Rod","100-200","Neutral",0.501992442131512
"209","Polymeric","Passive","Prostate","Others",">200","Positive",0.0728426880591176
"210","Dendrimer","Passive","Pancreas","Rod","100-200","Neutral",5.67659266951731
"211","ONM others","Passive","Lung","Rod",">200","Negative",0.233463019622032
"212","Hydrogel","Passive","Others","Others",">200","Neutral",0.0199963466362339
"213","Polymeric","Passive","Sarcoma","Plate",">200","Neutral",4.86675779452456
"214","ONM others","Passive","Others","Spherical",">200","Positive",1.01357236707371
"215","Polymeric","Active","Colon","Rod","100-200","Negative",0.7103434154447
"216","Polymeric","Passive","Others","Rod","100-200","Negative",0.553556479529312
"217","Hydrogel","Active","Skin","Spherical",">200","Positive",0.707590212351748
"218","Hydrogel","Active","Sarcoma","Rod","100-200","Positive",1.55590699753305
"219","Polymeric","Active","Colon","Rod",">200","Negative",0.834132078820438
"220","Hydrogel","Passive","Prostate","Others",">200","Negative",0.0222496854510272
"221","Polymeric","Passive","Ovary","Rod",">200","Neutral",0.781923521873834
"222","ONM others","Active","Glioma","Others","100-200","Neutral",0.00112376637111477
"223","Liposome","Passive","Pancreas","Rod",">200","Positive",0.420678500850221
"224","Dendrimer","Passive","Colon","Spherical","100-200","Neutral",4.28871795961228
"225","Liposome","Passive","Glioma","Others",">200","Negative",0.000296003162168487
"226","Hydrogel","Passive","Prostate","Others","100-200","Negative",0.0168848568915604
"227","Liposome","Passive","Cervix","Plate",">200","Neutral",1.30642804356454
"228","Hydrogel","Passive","Liver","Rod","100-200","Negative",0.179119685636426
"229","Polymeric","Passive","Skin","Others","100-200","Negative",0.0367875740886376
"230","Polymeric","Passive","Others","Others",">200","Positive",0.0500466817827755
"231","Liposome","Active","Ovary","Others",">200","Negative",0.0123227230223208
"232","Dendrimer","Active","Ovary","Rod",">200","Positive",7.41030337360668
"233","Liposome","Active","Others","Spherical","100-200","Negative",0.263145013424615
"234","Liposome","Passive","Others","Plate",">200","Neutral",0.528771430825058
"235","Liposome","Passive","Ovary","Plate","100-200","Negative",0.321318821029849
"236","Liposome","Active","Skin","Plate","100-200","Positive",0.801031698413014
"237","Dendrimer","Active","Brain","Others","100-200","Positive",0.175905655054791
"238","Polymeric","Active","Pancreas","Rod","100-200","Negative",0.879132828196452
"239","Polymeric","Active","Glioma","Others",">200","Negative",0.000894252504448443
"240","Liposome","Active","Skin","Others","100-200","Negative",0.0126858049093269
"241","ONM others","Passive","Liver","Rod","100-200","Neutral",0.401290788768724
"242","Dendrimer","Passive","Colon","Plate","100-200","Positive",8.95730033717662
"243","Polymeric","Active","Brain","Rod","100-200","Negative",0.32702879261373
"244","ONM others","Passive","Breast","Rod","100-200","Negative",0.48351530400357
"245","Liposome","Passive","Lung","Rod","100-200","Neutral",0.134012952985364
"246","Polymeric","Passive","Pancreas","Spherical",">200","Negative",1.05542238506931
"247","Hydrogel","Active","Prostate","Plate",">200","Negative",0.849584430809219
"248","ONM others","Passive","Glioma","Rod",">200","Negative",0.0133802463544693
"249","Liposome","Passive","Brain","Rod","100-200","Negative",0.0980125765565922
"250","Dendrimer","Passive","Colon","Others",">200","Negative",0.137949627546499
"251","Liposome","Passive","Skin","Others","100-200","Positive",0.0191096464368964
"252","ONM others","Passive","Brain","Rod","100-200","Negative",0.184114366808786
"253","Hydrogel","Active","Cervix","Plate","100-200","Negative",1.48374218658809
"254","Hydrogel","Active","Colon","Spherical",">200","Neutral",0.472029251880163
"255","ONM others","Active","Brain","Plate",">200","Negative",0.465726747244995
"256","Hydrogel","Active","Cervix","Plate",">200","Negative",1.5664385231549
"257","Polymeric","Active","Prostate","Spherical","100-200","Negative",1.47949623120579
"258","Polymeric","Passive","Colon","Rod","100-200","Negative",0.515999698831115
"259","Liposome","Active","Others","Spherical","100-200","Negative",0.272389744728263
"260","Polymeric","Passive","Ovary","Plate",">200","Neutral",1.3326401157036
"261","ONM others","Passive","Glioma","Plate",">200","Negative",0.0239425180794863
"262","Liposome","Passive","Others","Spherical",">200","Neutral",0.31586938478861
"263","Dendrimer","Passive","Ovary","Plate","100-200","Positive",8.875582635138
"264","Polymeric","Active","Prostate","Others","100-200","Positive",0.094416251528086
"265","Hydrogel","Passive","Liver","Spherical",">200","Negative",0.210911834786974
"266","Liposome","Active","Liver","Rod","100-200","Neutral",0.2509127343082
"267","Polymeric","Active","Pancreas","Plate","100-200","Negative",1.96480238202359
"268","Dendrimer","Passive","Prostate","Others","100-200","Neutral",0.325586373227366
"269","Liposome","Active","Pancreas","Others","100-200","Neutral",0.02255453063741
"270","Polymeric","Active","Ovary","Others",">200","Positive",0.069241636354022
"271","Dendrimer","Passive","Sarcoma","Plate","100-200","Negative",20.8809118584729
"272","Hydrogel","Passive","Glioma","Plate",">200","Negative",0.0142213959699115
"273","Dendrimer","Active","Others","Plate","100-200","Positive",15.0215776197742
"274","Hydrogel","Active","Others","Spherical",">200","Neutral",0.646317116491876
"275","Liposome","Active","Prostate","Rod",">200","Positive",0.692884433815186
"276","Polymeric","Active","Glioma","Plate",">200","Negative",0.0394393845585064
"277","ONM others","Active","Pancreas","Spherical",">200","Neutral",1.41730881894213
"278","Hydrogel","Active","Glioma","Others","100-200","Negative",0.000421600502840368
"279","ONM others","Passive","Sarcoma","Plate",">200","Negative",2.93506820652591
"280","Polymeric","Active","Cervix","Others",">200","Negative",0.106787545245702
"281","Dendrimer","Passive","Breast","Rod",">200","Negative",3.42576939570984
"282","Hydrogel","Active","Liver","Plate",">200","Positive",0.789349606087821
"283","ONM others","Passive","Pancreas","Plate","100-200","Neutral",1.47168278988937
"284","Polymeric","Passive","Pancreas","Spherical",">200","Neutral",1.24570391590109
"285","Hydrogel","Active","Liver","Plate","100-200","Negative",0.382899484432534
"286","Hydrogel","Passive","Ovary","Rod","100-200","Negative",0.248532955156533
"287","Liposome","Passive","Ovary","Plate",">200","Positive",0.534380176737786
"288","Liposome","Passive","Ovary","Spherical",">200","Negative",0.234852447729436
"289","Dendrimer","Active","Prostate","Spherical","100-200","Negative",8.45525806180909
"290","Hydrogel","Passive","Pancreas","Rod","100-200","Positive",0.573264790260027
"291","ONM others","Active","Sarcoma","Spherical",">200","Neutral",2.75805735052639
"292","Hydrogel","Active","Pancreas","Plate","100-200","Negative",0.838889564485452
"293","Hydrogel","Active","Lung","Rod","100-200","Neutral",0.223155013061847
"294","Dendrimer","Active","Others","Plate",">200","Negative",9.67931981015271
"295","Dendrimer","Active","Sarcoma","Spherical","100-200","Positive",24.3478304042503
"296","Hydrogel","Passive","Ovary","Others","100-200","Positive",0.0193898579651908
"297","Polymeric","Active","Others","Rod","100-200","Negative",0.74716739839523
"298","Polymeric","Active","Cervix","Spherical",">200","Neutral",3.12106441355826
"299","Dendrimer","Passive","Prostate","Plate","100-200","Positive",16.4816890558442
"300","Hydrogel","Passive","Brain","Plate","100-200","Negative",0.266477241760492
"301","Polymeric","Passive","Sarcoma","Others",">200","Neutral",0.126540303813912
"302","Hydrogel","Passive","Others","Others","100-200","Neutral",0.0169771017232479
"303","ONM others","Active","Brain","Plate","100-200","Neutral",0.625011468510577
"304","Liposome","Active","Brain","Spherical",">200","Negative",0.170262555226746
"305","Dendrimer","Active","Others","Spherical",">200","Negative",6.02938503408242
"306","Polymeric","Passive","Ovary","Others","100-200","Neutral",0.0396700095509737
"307","Dendrimer","Active","Brain","Rod",">200","Negative",2.14122946282616
"308","ONM others","Active","Skin","Spherical",">200","Positive",1.40745025514444
"309","Dendrimer","Passive","Glioma","Spherical","100-200","Positive",0.17092318912897
"310","Dendrimer","Active","Liver","Plate","100-200","Positive",8.91515705195693
"311","Liposome","Passive","Breast","Others",">200","Neutral",0.012293219515431
"312","Liposome","Active","Others","Spherical",">200","Positive",0.621797111486178
"313","Liposome","Passive","Cervix","Spherical",">200","Neutral",0.821419149146604
"314","Dendrimer","Passive","Liver","Others","100-200","Negative",0.118590247003706
"315","Dendrimer","Passive","Cervix","Rod",">200","Negative",9.97219455192467
"316","Liposome","Active","Cervix","Others","100-200","Negative",0.0234234021848092
"317","Polymeric","Passive","Brain","Rod",">200","Neutral",0.419075845143353
"318","ONM others","Active","Prostate","Others","100-200","Negative",0.0474957261555206
"319","ONM others","Passive","Skin","Plate","100-200","Neutral",1.37648155637322
"320","ONM others","Active","Breast","Spherical","100-200","Positive",0.996067621535597
"321","Liposome","Active","Glioma","Others",">200","Negative",0.000433222901100048
"322","Dendrimer","Active","Brain","Rod",">200","Negative",2.66988877906781
"323","Dendrimer","Active","Skin","Rod","100-200","Positive",8.10357191471429
"324","ONM others","Passive","Cervix","Rod",">200","Negative",0.980411045193452
"325","ONM others","Passive","Sarcoma","Rod","100-200","Neutral",1.69953776315433
"326","Polymeric","Active","Lung","Others",">200","Positive",0.0358994231892995
"327","Liposome","Active","Skin","Spherical","100-200","Negative",0.353924568767535
"328","ONM others","Passive","Breast","Spherical",">200","Positive",0.836733424480419
"329","ONM others","Passive","Lung","Others","100-200","Negative",0.0143865008814764
"330","Liposome","Active","Liver","Spherical","100-200","Neutral",0.272189884931472
"331","Dendrimer","Passive","Sarcoma","Rod",">200","Neutral",14.4521735423777
"332","Polymeric","Active","Skin","Rod","100-200","Negative",0.755867280857386
"333","Hydrogel","Active","Breast","Plate",">200","Positive",0.991281978799252
"334","Liposome","Active","Breast","Rod",">200","Neutral",0.353588157304642
"335","Hydrogel","Passive","Skin","Others",">200","Negative",0.0176357354191709
"336","Hydrogel","Active","Others","Rod","100-200","Neutral",0.540406978450761
"337","Dendrimer","Passive","Brain","Plate","100-200","Neutral",3.46447325191256
"338","Dendrimer","Active","Cervix","Others",">200","Neutral",0.689963474469488
"339","Hydrogel","Active","Prostate","Others","100-200","Positive",0.0390358899792518
"340","Hydrogel","Passive","Skin","Spherical","100-200","Positive",0.504162992470138
"341","ONM others","Active","Pancreas","Rod",">200","Negative",1.0209224513765
"342","ONM others","Active","Lung","Others",">200","Negative",0.0211003585714499
"343","Hydrogel","Passive","Colon","Rod","100-200","Negative",0.176987546275121
"344","ONM others","Passive","Liver","Others",">200","Negative",0.0177131531453508
"345","Polymeric","Active","Lung","Spherical","100-200","Neutral",0.611316425467923
"346","Hydrogel","Active","Glioma","Spherical",">200","Neutral",0.0156892183735537
"347","Polymeric","Active","Liver","Others","100-200","Positive",0.044439181420929
"348","Polymeric","Active","Brain","Plate",">200","Neutral",0.885472624372824
"349","ONM others","Passive","Skin","Rod",">200","Positive",0.878648462097467
"350","ONM others","Passive","Skin","Spherical",">200","Negative",0.600476898271095
"351","Hydrogel","Passive","Lung","Plate","100-200","Positive",0.38347434445218
"352","Polymeric","Active","Sarcoma","Rod","100-200","Negative",2.32280338786716
"353","Liposome","Passive","Liver","Others","100-200","Negative",0.00669770918128715
"354","ONM others","Passive","Brain","Plate",">200","Neutral",0.538259804780393
"355","ONM others","Passive","Glioma","Plate",">200","Positive",0.037966994235066
"356","ONM others","Active","Liver","Spherical",">200","Negative",0.470340234806126
"357","Liposome","Passive","Prostate","Rod","100-200","Negative",0.273690913909463
"358","ONM others","Passive","Colon","Spherical","100-200","Negative",0.440510607685368
"359","Liposome","Passive","Brain","Others",">200","Negative",0.00439438101427772
"360","Polymeric","Active","Colon","Plate","100-200","Negative",1.11668609489712
"361","Liposome","Passive","Brain","Spherical",">200","Negative",0.121157325967236
"362","Polymeric","Active","Prostate","Spherical","100-200","Positive",2.37726706200313
"363","Hydrogel","Active","Pancreas","Rod",">200","Negative",0.559991545688437
"364","Liposome","Passive","Sarcoma","Spherical",">200","Neutral",1.03494196838213
"365","Hydrogel","Active","Skin","Rod",">200","Positive",0.628578939880858
"366","ONM others","Active","Brain","Spherical","100-200","Neutral",0.405623848869742
"367","Liposome","Passive","Brain","Plate","100-200","Neutral",0.219764655137674
"368","Hydrogel","Passive","Cervix","Spherical",">200","Positive",1.18236071036575
"369","Liposome","Active","Prostate","Plate",">200","Negative",0.733551533021454
"370","ONM others","Active","Cervix","Others",">200","Negative",0.0705163735556926
"371","ONM others","Passive","Brain","Spherical",">200","Negative",0.259198259180901
"372","Polymeric","Active","Ovary","Plate","100-200","Neutral",1.6889731283821
"373","Dendrimer","Passive","Skin","Others",">200","Negative",0.254255027076661
"374","Polymeric","Passive","Prostate","Rod",">200","Negative",1.19507765764493
"375","Liposome","Passive","Brain","Plate","100-200","Neutral",0.226790201967879
"376","ONM others","Passive","Glioma","Spherical",">200","Negative",0.01635656399247
"377","Liposome","Active","Glioma","Spherical","100-200","Negative",0.0073402439805702
"378","Dendrimer","Passive","Liver","Others","100-200","Negative",0.140689329519881
"379","Hydrogel","Active","Prostate","Spherical",">200","Negative",0.760582648163873
"380","ONM others","Passive","Colon","Others","100-200","Negative",0.0194485066369227
"381","Liposome","Passive","Pancreas","Plate","100-200","Negative",0.57941696890805
"382","Liposome","Passive","Sarcoma","Spherical","100-200","Negative",0.585637642048343
"383","Liposome","Passive","Brain","Others",">200","Negative",0.00445512572371311
"384","Liposome","Active","Brain","Spherical",">200","Negative",0.15081073318382
"385","Polymeric","Passive","Breast","Others","100-200","Negative",0.0331735987971501
"386","ONM others","Passive","Others","Rod",">200","Neutral",0.7881265671882
"387","Dendrimer","Passive","Colon","Rod",">200","Neutral",3.99857528913739
"388","Polymeric","Passive","Lung","Rod",">200","Negative",0.414842565477287
"389","Liposome","Active","Glioma","Others","100-200","Neutral",0.000401390645608412
"390","Polymeric","Active","Liver","Spherical","100-200","Negative",0.634296809636219
"391","Hydrogel","Passive","Prostate","Others",">200","Negative",0.0212992395010269
"392","Liposome","Active","Glioma","Plate","100-200","Positive",0.0195225539886408
"393","ONM others","Active","Sarcoma","Rod",">200","Positive",3.51673251407104
"394","Hydrogel","Passive","Ovary","Spherical",">200","Neutral",0.374106372092053
"395","Liposome","Passive","Glioma","Plate",">200","Negative",0.0089751015006117
"396","Hydrogel","Passive","Pancreas","Plate","100-200","Neutral",0.858138623502486
"397","Polymeric","Active","Colon","Spherical","100-200","Negative",0.681040932733135
"398","Hydrogel","Passive","Sarcoma","Spherical","100-200","Negative",0.812286647834897
"399","Liposome","Active","Prostate","Spherical",">200","Positive",0.782575186888997
"400","Hydrogel","Passive","Brain","Rod",">200","Positive",0.233940364587155
"401","Liposome","Active","Glioma","Rod",">200","Negative",0.00611136748214812
"402","Liposome","Passive","Prostate","Rod","100-200","Negative",0.363008804497114
"403","Dendrimer","Active","Breast","Spherical",">200","Neutral",6.93956506632557
"404","Polymeric","Active","Lung","Rod",">200","Negative",0.418581261038688
"405","ONM others","Passive","Pancreas","Others",">200","Positive",0.0505593992325199
"406","Hydrogel","Active","Cervix","Spherical",">200","Negative",0.838079780308947
"407","ONM others","Passive","Liver","Rod","100-200","Negative",0.282548294426164
"408","Polymeric","Passive","Liver","Others","100-200","Negative",0.0217296582183612
"409","Liposome","Passive","Sarcoma","Plate",">200","Neutral",1.41317425052907
"410","ONM others","Passive","Ovary","Others","100-200","Negative",0.0206178423387744
"411","Polymeric","Passive","Ovary","Rod","100-200","Neutral",0.686008942566242
"412","Hydrogel","Passive","Brain","Others",">200","Negative",0.00614693323295597
"413","ONM others","Active","Ovary","Spherical",">200","Negative",0.646549348754556
"414","Dendrimer","Passive","Ovary","Others",">200","Negative",0.168833481457616
"415","Liposome","Active","Ovary","Spherical",">200","Negative",0.314547024559464
"416","Polymeric","Passive","Liver","Plate",">200","Negative",0.803674786040066
"417","Polymeric","Passive","Skin","Others","100-200","Negative",0.0361645563742614
"418","Dendrimer","Passive","Brain","Others","100-200","Negative",0.0791953045063139
"419","Hydrogel","Active","Skin","Spherical","100-200","Neutral",0.55616567106746
"420","Dendrimer","Passive","Cervix","Rod",">200","Negative",8.54492760079786
"421","ONM others","Active","Liver","Plate","100-200","Negative",0.837184490083261
"422","ONM others","Active","Prostate","Plate",">200","Neutral",2.48833843655375
"423","Liposome","Passive","Pancreas","Others",">200","Neutral",0.0222301532052155
"424","ONM others","Passive","Lung","Others",">200","Neutral",0.0159304770010149
"425","ONM others","Passive","Skin","Spherical","100-200","Positive",0.992319156344684
"426","Polymeric","Passive","Colon","Plate","100-200","Positive",1.39709544064704
"427","Dendrimer","Active","Skin","Plate",">200","Positive",18.9311180601566
"428","ONM others","Passive","Others","Plate","100-200","Positive",1.31115252027621
"429","Dendrimer","Active","Prostate","Rod",">200","Positive",11.4922154847958
"430","ONM others","Passive","Others","Spherical","100-200","Negative",0.499326880964743
"431","Hydrogel","Active","Ovary","Plate","100-200","Positive",1.01904220523132
"432","ONM others","Active","Lung","Rod",">200","Positive",0.557814511860176
"433","Polymeric","Active","Ovary","Plate","100-200","Negative",1.10215485358146
"434","Liposome","Passive","Lung","Others","100-200","Negative",0.00578891001170901
"435","Hydrogel","Active","Lung","Spherical",">200","Negative",0.231550920208286
"436","Polymeric","Active","Brain","Others","100-200","Negative",0.019160799805383
"437","ONM others","Active","Others","Rod","100-200","Positive",1.17354694519294
"438","Hydrogel","Active","Pancreas","Rod",">200","Neutral",0.72009147869901
"439","ONM others","Active","Liver","Spherical",">200","Positive",0.952688159463263
"440","Hydrogel","Passive","Colon","Rod",">200","Negative",0.231678012031948
"441","Liposome","Passive","Colon","Spherical","100-200","Neutral",0.252798601888688
"442","Hydrogel","Active","Prostate","Rod","100-200","Negative",0.45214242001077
"443","Hydrogel","Passive","Lung","Plate","100-200","Positive",0.40907011031548
"444","Hydrogel","Passive","Glioma","Rod",">200","Negative",0.00827806520162604
"445","ONM others","Passive","Pancreas","Others",">200","Negative",0.030852551237153
"446","Dendrimer","Passive","Glioma","Others","100-200","Negative",0.00422896190559742
"447","Dendrimer","Active","Breast","Plate","100-200","Negative",6.39975556948897
"448","Hydrogel","Active","Cervix","Rod",">200","Neutral",1.01420836201869
"449","Dendrimer","Active","Glioma","Others",">200","Negative",0.00561243341972068
"450","ONM others","Passive","Colon","Others",">200","Neutral",0.030772505353391
"451","Dendrimer","Active","Colon","Rod","100-200","Positive",5.26107666300162
"452","Liposome","Active","Breast","Spherical","100-200","Positive",0.433046255654378
"453","Liposome","Active","Others","Plate","100-200","Negative",0.4099751945413
"454","ONM others","Passive","Prostate","Plate",">200","Negative",1.63944600683951
"455","Polymeric","Active","Colon","Spherical","100-200","Negative",0.566155036478127
"456","Polymeric","Passive","Cervix","Rod","100-200","Negative",1.45921121532768
"457","Liposome","Passive","Breast","Rod","100-200","Positive",0.333835575053314
"458","Hydrogel","Active","Breast","Spherical",">200","Neutral",0.525371121023292
"459","Hydrogel","Active","Others","Plate",">200","Negative",0.618792991694716
"460","ONM others","Active","Others","Others",">200","Negative",0.0280648567353041
"461","Liposome","Active","Prostate","Spherical",">200","Negative",0.394708160274383
"462","Polymeric","Passive","Lung","Rod","100-200","Negative",0.351222441581084
"463","Hydrogel","Active","Skin","Spherical","100-200","Neutral",0.585259893688125
"464","Hydrogel","Active","Skin","Rod",">200","Positive",0.719816668647609
"465","Dendrimer","Active","Ovary","Spherical","100-200","Negative",4.43971082722362
"466","Liposome","Active","Lung","Others",">200","Negative",0.00646790899609853
"467","ONM others","Passive","Cervix","Plate","100-200","Positive",3.11951128121493
"468","Hydrogel","Active","Prostate","Others","100-200","Negative",0.0250211462493871
"469","Hydrogel","Active","Ovary","Rod","100-200","Positive",0.533672715824493
"470","ONM others","Passive","Brain","Rod",">200","Neutral",0.315720520748243
"471","ONM others","Active","Lung","Rod","100-200","Positive",0.525748231360214
"472","Hydrogel","Passive","Others","Spherical","100-200","Neutral",0.374678560546536
"473","Hydrogel","Passive","Brain","Spherical",">200","Negative",0.128565727193499
"474","Polymeric","Passive","Skin","Rod","100-200","Negative",0.662301195481431
"475","Hydrogel","Passive","Lung","Rod",">200","Negative",0.172864112070775
"476","Polymeric","Passive","Prostate","Spherical",">200","Negative",1.18446584655332
"477","ONM others","Active","Prostate","Rod",">200","Negative",1.13252163495141
"478","Liposome","Passive","Brain","Plate",">200","Negative",0.180868505247608
"479","Polymeric","Passive","Others","Others",">200","Negative",0.0350069285633629
"480","Dendrimer","Active","Prostate","Rod",">200","Positive",11.5925170689783
"481","Liposome","Active","Cervix","Rod",">200","Positive",1.18329588415036
"482","Polymeric","Passive","Glioma","Spherical",">200","Negative",0.0196574798381906
"483","Dendrimer","Active","Skin","Spherical",">200","Positive",9.67263230834647
"484","Hydrogel","Active","Breast","Rod",">200","Negative",0.361304323407984
"485","Hydrogel","Active","Brain","Rod","100-200","Negative",0.147967188955256
"486","ONM others","Passive","Pancreas","Rod","100-200","Negative",0.490614816324658
"487","ONM others","Active","Pancreas","Spherical",">200","Neutral",1.3437749661975
"488","Hydrogel","Active","Brain","Others",">200","Negative",0.00796406659759394
"489","Liposome","Active","Cervix","Spherical",">200","Positive",1.04844317505743
"490","Liposome","Passive","Cervix","Others",">200","Neutral",0.0318969878579826
"491","Hydrogel","Active","Pancreas","Others",">200","Neutral",0.0313710905721188
"492","Dendrimer","Passive","Sarcoma","Plate","100-200","Neutral",23.8015428989124
"493","Polymeric","Active","Liver","Others",">200","Neutral",0.0370639665397131
"494","Liposome","Active","Others","Others",">200","Negative",0.0134208286001916
"495","Dendrimer","Active","Colon","Plate",">200","Positive",12.5870143908008
"496","Polymeric","Active","Prostate","Plate",">200","Positive",4.23746438681202
"497","Liposome","Passive","Lung","Others",">200","Positive",0.00874176946981016
"498","Dendrimer","Passive","Glioma","Rod",">200","Neutral",0.133282256891385
"499","Hydrogel","Passive","Liver","Plate",">200","Negative",0.304999658872119
"500","ONM others","Active","Colon","Rod","100-200","Negative",0.433912598638105
"501","Hydrogel","Passive","Liver","Spherical",">200","Negative",0.249669374820366
"502","Liposome","Passive","Cervix","Spherical","100-200","Neutral",0.708448567017449
"503","Liposome","Active","Others","Rod","100-200","Negative",0.261155038258645
"504","Polymeric","Passive","Breast","Others",">200","Neutral",0.041415756236686
"505","Liposome","Passive","Lung","Plate","100-200","Negative",0.221982780879341
"506","ONM others","Active","Skin","Spherical",">200","Negative",1.03554144584552
"507","ONM others","Active","Pancreas","Rod","100-200","Neutral",1.06387297879921
"508","Hydrogel","Active","Others","Plate",">200","Positive",1.29581944467073
"509","ONM others","Passive","Cervix","Plate","100-200","Positive",2.91699704246043
"510","Hydrogel","Active","Brain","Spherical","100-200","Negative",0.191056901606185
"511","Polymeric","Active","Breast","Others","100-200","Positive",0.0567289528987871
"512","ONM others","Active","Pancreas","Spherical","100-200","Positive",1.47699561750077
"513","Dendrimer","Active","Skin","Plate",">200","Negative",9.84638645646348
"514","Polymeric","Active","Lung","Others",">200","Negative",0.0211440166661867
"515","ONM others","Active","Breast","Others",">200","Positive",0.0444229246929471
"516","Polymeric","Active","Ovary","Plate","100-200","Negative",1.44160063665722
"517","ONM others","Active","Breast","Others",">200","Neutral",0.0404614617449788
"518","ONM others","Passive","Ovary","Spherical",">200","Positive",0.943399561706906
"519","Hydrogel","Active","Brain","Others","100-200","Negative",0.00867243716838117
"520","Polymeric","Active","Sarcoma","Others","100-200","Negative",0.125622999418767
"521","Polymeric","Passive","Others","Rod",">200","Neutral",0.94367118486488
"522","ONM others","Active","Glioma","Plate",">200","Negative",0.0372563391003556
"523","Liposome","Passive","Sarcoma","Others","100-200","Negative",0.026630621539423
"524","Liposome","Passive","Pancreas","Spherical","100-200","Positive",0.444547653395042
"525","ONM others","Passive","Others","Others","100-200","Negative",0.0223977662759652
"526","Hydrogel","Passive","Ovary","Spherical","100-200","Positive",0.443024288307211
"527","Hydrogel","Passive","Others","Others","100-200","Negative",0.0116526236113354
"528","Hydrogel","Active","Pancreas","Spherical",">200","Positive",0.895001688751218
"529","Polymeric","Active","Sarcoma","Spherical",">200","Positive",4.94896159197498
"530","Dendrimer","Passive","Lung","Plate",">200","Neutral",4.66323573612956
"531","Polymeric","Active","Lung","Others",">200","Positive",0.0339129638578917
"532","Hydrogel","Passive","Prostate","Others",">200","Neutral",0.0327387017042705
"533","Dendrimer","Active","Skin","Rod",">200","Negative",5.34662560674626
"534","Liposome","Passive","Prostate","Plate",">200","Positive",0.959410230269275
"535","Polymeric","Active","Sarcoma","Plate",">200","Positive",6.89801394932408
"536","Hydrogel","Active","Liver","Others","100-200","Positive",0.0169699084656032
"537","Liposome","Passive","Liver","Others","100-200","Neutral",0.00933285665154181
"538","Dendrimer","Passive","Liver","Rod","100-200","Positive",3.74068181824881
"539","Dendrimer","Active","Sarcoma","Plate",">200","Negative",29.3070861712706
"540","Hydrogel","Active","Lung","Rod",">200","Neutral",0.262286639804933
"541","Dendrimer","Passive","Liver","Others","100-200","Negative",0.0939601087431631
"542","Hydrogel","Passive","Glioma","Plate",">200","Negative",0.0147772839705864
"543","ONM others","Active","Breast","Rod",">200","Neutral",0.831046525244089
"544","Polymeric","Passive","Cervix","Spherical","100-200","Neutral",1.9111783338762
"545","Liposome","Active","Breast","Spherical","100-200","Negative",0.301487270125145
"546","Dendrimer","Passive","Lung","Spherical","100-200","Neutral",2.34917050905742
"547","Hydrogel","Active","Glioma","Plate",">200","Negative",0.0151829444873614
"548","ONM others","Active","Prostate","Others","100-200","Positive",0.0760796336576791
"549","Dendrimer","Passive","Lung","Spherical",">200","Positive",3.72651567530365
"550","Liposome","Passive","Brain","Rod","100-200","Negative",0.112083265094915
"551","Polymeric","Passive","Prostate","Rod",">200","Neutral",1.2690482899526
"552","ONM others","Active","Glioma","Spherical",">200","Neutral",0.0263635443811868
"553","Polymeric","Active","Cervix","Plate",">200","Negative",3.39683646948492
"554","Hydrogel","Passive","Lung","Spherical","100-200","Neutral",0.209155076745137
"555","Dendrimer","Active","Sarcoma","Plate","100-200","Neutral",27.7808635772634
"556","ONM others","Passive","Ovary","Rod","100-200","Negative",0.380237970660694
"557","ONM others","Passive","Sarcoma","Spherical",">200","Negative",1.70081021231996
"558","Dendrimer","Passive","Prostate","Spherical","100-200","Neutral",6.8544823669117
"559","Liposome","Passive","Sarcoma","Rod","100-200","Neutral",0.773752298497876
"560","Liposome","Passive","Lung","Others",">200","Positive",0.0104160407806351
"561","ONM others","Passive","Ovary","Plate",">200","Neutral",1.1798751543085
"562","Dendrimer","Passive","Cervix","Rod",">200","Neutral",11.6602795384526
"563","Hydrogel","Passive","Brain","Rod",">200","Positive",0.198203607704869
"564","Hydrogel","Active","Skin","Rod",">200","Neutral",0.545766026354619
"565","ONM others","Passive","Glioma","Others",">200","Negative",0.000634468559606007
"566","Liposome","Passive","Skin","Plate","100-200","Neutral",0.511905672218889
"567","ONM others","Active","Pancreas","Plate",">200","Neutral",1.9795945620642
"568","Liposome","Passive","Prostate","Others","100-200","Positive",0.0261457590398289
"569","Polymeric","Active","Liver","Rod","100-200","Positive",0.916199485930467
"570","Liposome","Passive","Ovary","Others",">200","Neutral",0.0150442695621376
"571","Liposome","Active","Others","Rod",">200","Negative",0.328919959382685
"572","Polymeric","Passive","Glioma","Spherical","100-200","Neutral",0.0213616244707524
"573","Dendrimer","Passive","Glioma","Rod","100-200","Negative",0.0909933928869139
"574","ONM others","Passive","Skin","Spherical","100-200","Positive",0.945542311041024
"575","Hydrogel","Passive","Pancreas","Plate","100-200","Positive",0.989288748976088
"576","Polymeric","Active","Glioma","Others",">200","Negative",0.0010112486126315
"577","Dendrimer","Active","Liver","Rod",">200","Positive",6.24199956906239
"578","ONM others","Active","Breast","Plate","100-200","Negative",1.03907315096167
"579","ONM others","Active","Colon","Spherical",">200","Negative",0.531228527672452
"580","Polymeric","Active","Liver","Rod",">200","Negative",0.516437868752586
"581","Hydrogel","Passive","Brain","Spherical","100-200","Positive",0.213006833709836
"582","ONM others","Passive","Liver","Spherical","100-200","Positive",0.55369388759316
"583","Hydrogel","Passive","Lung","Spherical","100-200","Negative",0.132132364462347
"584","Polymeric","Passive","Sarcoma","Plate","100-200","Negative",2.89476350405269
"585","Hydrogel","Active","Sarcoma","Plate","100-200","Positive",3.17915610537491
"586","ONM others","Passive","Pancreas","Spherical",">200","Negative",0.626171696066373
"587","Dendrimer","Active","Breast","Rod",">200","Neutral",5.85740453055507
"588","ONM others","Active","Brain","Plate","100-200","Neutral",0.692004866206546
"589","Liposome","Active","Breast","Plate","100-200","Positive",0.697097547594063
"590","ONM others","Passive","Cervix","Spherical",">200","Positive",2.22491520857993
"591","Liposome","Passive","Liver","Others",">200","Neutral",0.00970134844027725
"592","ONM others","Passive","Cervix","Others","100-200","Negative",0.0552519471067272
"593","Hydrogel","Active","Pancreas","Spherical","100-200","Neutral",0.645847035148529
"594","ONM others","Active","Pancreas","Rod",">200","Positive",1.66179733124609
"595","ONM others","Passive","Others","Plate","100-200","Negative",0.797249617052307
"596","Dendrimer","Passive","Sarcoma","Plate","100-200","Neutral",22.1679468077317
"597","Liposome","Passive","Liver","Rod","100-200","Positive",0.260874608194033
"598","Liposome","Active","Skin","Rod","100-200","Positive",0.4628550572265
"599","Polymeric","Active","Others","Spherical",">200","Neutral",1.37441073644874
"600","Hydrogel","Active","Ovary","Others","100-200","Negative",0.0162165414681775
"601","Liposome","Active","Others","Spherical","100-200","Positive",0.471045593157927
"602","Polymeric","Passive","Cervix","Others",">200","Neutral",0.104639124824761
"603","ONM others","Passive","Brain","Others",">200","Neutral",0.0142008069944777
"604","Dendrimer","Passive","Liver","Rod",">200","Negative",2.26611402399824
"605","Hydrogel","Passive","Pancreas","Others","100-200","Negative",0.0160314976973474
"606","Hydrogel","Passive","Prostate","Plate",">200","Neutral",1.17065819054147
"607","Hydrogel","Passive","Others","Plate",">200","Positive",0.834139141426121
"608","Hydrogel","Passive","Cervix","Rod",">200","Negative",0.540080913264254
"609","Hydrogel","Active","Breast","Rod",">200","Negative",0.381019234121833
"610","Polymeric","Active","Lung","Others",">200","Negative",0.018915656745519
"611","Dendrimer","Active","Glioma","Spherical","100-200","Negative",0.13089420783951
"612","Polymeric","Active","Brain","Rod","100-200","Neutral",0.462499945755085
"613","ONM others","Active","Lung","Others",">200","Positive",0.0282279590400843
"614","ONM others","Passive","Liver","Rod","100-200","Positive",0.578530972711621
"615","Polymeric","Passive","Glioma","Rod","100-200","Positive",0.0227100299574445
"616","Dendrimer","Passive","Pancreas","Others","100-200","Negative",0.199470362018219
"617","Hydrogel","Active","Brain","Spherical","100-200","Positive",0.262351707872016
"618","ONM others","Passive","Pancreas","Spherical","100-200","Negative",0.775109663280696
"619","Liposome","Active","Glioma","Others",">200","Negative",0.000389853710854816
"620","Hydrogel","Passive","Skin","Others",">200","Negative",0.0164739571034763
"621","Hydrogel","Passive","Breast","Others","100-200","Neutral",0.0162541278129124
"622","Dendrimer","Passive","Glioma","Spherical","100-200","Positive",0.151543227449384
"623","Dendrimer","Passive","Liver","Plate","100-200","Negative",4.09580070621092
"624","Liposome","Active","Cervix","Others","100-200","Negative",0.0304769534869185
"625","Liposome","Passive","Breast","Spherical",">200","Neutral",0.275844073202438
"626","Polymeric","Active","Pancreas","Spherical","100-200","Positive",1.67713408992857
"627","Liposome","Active","Glioma","Others","100-200","Positive",0.000584427237306427
"628","Hydrogel","Active","Colon","Rod",">200","Negative",0.335142015798558
"629","Polymeric","Passive","Brain","Others","100-200","Neutral",0.0170785895271684
"630","Polymeric","Passive","Colon","Others",">200","Positive",0.0430217605629314
"631","Liposome","Active","Brain","Plate",">200","Negative",0.289576144818622
"632","ONM others","Active","Sarcoma","Spherical",">200","Positive",3.39317061145639
"633","ONM others","Passive","Brain","Others","100-200","Positive",0.0160975785865147
"634","Dendrimer","Active","Sarcoma","Plate","100-200","Neutral",28.7864866941026
"635","Dendrimer","Active","Pancreas","Spherical",">200","Negative",7.28470107517767
"636","Hydrogel","Active","Brain","Rod","100-200","Negative",0.171630864320213
"637","ONM others","Passive","Breast","Others","100-200","Negative",0.0239836162762265
"638","Dendrimer","Active","Lung","Others","100-200","Positive",0.194842386145204
"639","Hydrogel","Passive","Liver","Others","100-200","Neutral",0.0133219407074561
"640","Hydrogel","Active","Breast","Rod","100-200","Negative",0.366804517092707
"641","Polymeric","Passive","Pancreas","Spherical","100-200","Positive",1.21717876802931
"642","Liposome","Active","Pancreas","Rod","100-200","Negative",0.294603803234393
"643","ONM others","Active","Pancreas","Others","100-200","Neutral",0.0582115433382637
"644","Polymeric","Passive","Ovary","Spherical","100-200","Positive",0.939827283554888
"645","ONM others","Active","Breast","Plate","100-200","Positive",1.57077412676681
"646","Dendrimer","Active","Liver","Plate","100-200","Positive",8.93166548760087
"647","Liposome","Passive","Cervix","Spherical",">200","Negative",0.62642965464675
"648","ONM others","Active","Skin","Rod",">200","Negative",0.718522437257861
"649","Hydrogel","Passive","Cervix","Rod",">200","Positive",0.952043730535821
"650","Hydrogel","Active","Breast","Others",">200","Negative",0.0176574374395822
"651","Liposome","Passive","Lung","Spherical","100-200","Negative",0.10912294802203
"652","Dendrimer","Active","Prostate","Plate","100-200","Neutral",15.4512265373061
"653","Dendrimer","Active","Ovary","Rod","100-200","Negative",3.59033216244801
"654","Liposome","Active","Ovary","Spherical",">200","Positive",0.514172301940427
"655","Polymeric","Active","Glioma","Spherical",">200","Neutral",0.0317407245892632
"656","Polymeric","Passive","Skin","Plate","100-200","Negative",0.996635422896215
"657","Dendrimer","Active","Sarcoma","Rod",">200","Neutral",20.0530663499346
"658","ONM others","Active","Lung","Plate","100-200","Positive",0.847183631472161
"659","Polymeric","Passive","Pancreas","Rod","100-200","Positive",1.40113046487432
"660","ONM others","Active","Liver","Rod","100-200","Neutral",0.59264742559276
"661","ONM others","Passive","Lung","Others",">200","Negative",0.0111377130532576
"662","Dendrimer","Active","Ovary","Spherical","100-200","Neutral",6.2828177971777
"663","ONM others","Active","Cervix","Plate","100-200","Neutral",3.04498021594509
"664","Liposome","Passive","Liver","Spherical",">200","Negative",0.17039586655932
"665","ONM others","Passive","Breast","Plate","100-200","Neutral",1.03339111963506
"666","Hydrogel","Active","Sarcoma","Plate","100-200","Negative",2.14493438461595
"667","Hydrogel","Passive","Breast","Others",">200","Neutral",0.0168492791949678
"668","Dendrimer","Passive","Lung","Spherical","100-200","Positive",3.18176679265518
"669","Liposome","Active","Colon","Spherical",">200","Positive",0.478530474947234
"670","Liposome","Passive","Brain","Rod","100-200","Negative",0.0969338606800724
"671","Dendrimer","Active","Ovary","Others",">200","Negative",0.224736751024368
"672","Hydrogel","Active","Lung","Others","100-200","Negative",0.00824405276419869
"673","Hydrogel","Active","Pancreas","Spherical",">200","Positive",0.93360582470387
"674","Dendrimer","Passive","Breast","Rod",">200","Neutral",4.50691959946391
"675","ONM others","Active","Liver","Others",">200","Neutral",0.0340667348753485
"676","Liposome","Passive","Ovary","Others","100-200","Negative",0.00838330951062439
"677","Polymeric","Active","Glioma","Rod","100-200","Neutral",0.0252862703508289
"678","Polymeric","Active","Skin","Rod","100-200","Neutral",1.06487296054311
"679","Hydrogel","Passive","Lung","Plate","100-200","Positive",0.417938228079352
"680","Hydrogel","Active","Colon","Rod",">200","Negative",0.34112839311276
"681","Dendrimer","Active","Breast","Rod",">200","Negative",4.02846750500816
"682","Liposome","Passive","Prostate","Plate",">200","Neutral",0.804421408641734
"683","Liposome","Passive","Lung","Plate","100-200","Positive",0.321195825845487
"684","Liposome","Active","Skin","Spherical",">200","Neutral",0.471702431071554
"685","Hydrogel","Passive","Pancreas","Rod",">200","Neutral",0.555855053508765
"686","Polymeric","Passive","Others","Rod","100-200","Negative",0.745704248762257
"687","Polymeric","Passive","Glioma","Rod",">200","Negative",0.0179046817746538
"688","Dendrimer","Active","Brain","Plate",">200","Negative",5.04053032582633
"689","Dendrimer","Active","Pancreas","Others","100-200","Negative",0.296017164220601
"690","ONM others","Active","Lung","Others",">200","Neutral",0.0229635659704744
"691","Hydrogel","Passive","Sarcoma","Spherical",">200","Positive",1.57366745556579
"692","Hydrogel","Passive","Glioma","Spherical",">200","Positive",0.0130958812825067
"693","Hydrogel","Passive","Ovary","Others","100-200","Negative",0.0104159019448675
"694","Dendrimer","Active","Liver","Plate",">200","Positive",9.81384114884843
"695","Liposome","Active","Glioma","Others",">200","Neutral",0.000501310509487991
"696","Dendrimer","Passive","Prostate","Spherical",">200","Negative",6.57230308638495
"697","Polymeric","Active","Breast","Plate","100-200","Positive",1.80796270407452
"698","Dendrimer","Active","Breast","Rod","100-200","Negative",3.96766625654988
"699","Hydrogel","Active","Sarcoma","Spherical","100-200","Positive",1.57809081437994
"700","Polymeric","Passive","Sarcoma","Others","100-200","Negative",0.0807504280298125
"701","Dendrimer","Active","Pancreas","Plate","100-200","Neutral",14.3621823257925
"702","ONM others","Passive","Ovary","Others",">200","Negative",0.0232779103950787
"703","Hydrogel","Passive","Pancreas","Spherical",">200","Negative",0.395422118216398
"704","ONM others","Active","Colon","Others","100-200","Neutral",0.0335753839552592
"705","Hydrogel","Passive","Sarcoma","Rod",">200","Positive",1.31173570509313
"706","Liposome","Active","Sarcoma","Plate",">200","Positive",2.79882525769882
"707","ONM others","Passive","Glioma","Rod",">200","Positive",0.0219583313303661
"708","Hydrogel","Active","Skin","Plate","100-200","Neutral",1.01693889200357
"709","Liposome","Active","Cervix","Rod","100-200","Positive",0.980273988866793
"710","Hydrogel","Active","Cervix","Spherical",">200","Positive",1.44333634257138
"711","ONM others","Passive","Breast","Spherical","100-200","Neutral",0.571720945592655
"712","Hydrogel","Active","Others","Others",">200","Neutral",0.0262727702955284
"713","ONM others","Active","Ovary","Plate",">200","Negative",1.08817115882869
"714","Dendrimer","Active","Brain","Others",">200","Negative",0.11211807521684
"715","Hydrogel","Active","Ovary","Plate",">200","Negative",0.602968890527151
"716","Hydrogel","Active","Liver","Spherical",">200","Neutral",0.431095999966561
"717","Dendrimer","Active","Skin","Rod",">200","Neutral",7.81376842963905
"718","Dendrimer","Passive","Brain","Rod","100-200","Positive",2.53969029077384
"719","Hydrogel","Passive","Glioma","Others",">200","Negative",0.000382881226757437
"720","Hydrogel","Active","Breast","Plate","100-200","Neutral",0.715104355336403
"721","Dendrimer","Active","Sarcoma","Spherical","100-200","Positive",24.7967334244792
"722","Polymeric","Passive","Ovary","Rod","100-200","Neutral",0.680346465670408
"723","Hydrogel","Active","Skin","Plate",">200","Neutral",1.11566941370633
"724","ONM others","Active","Breast","Spherical","100-200","Negative",0.51548245028552
"725","Dendrimer","Passive","Prostate","Plate",">200","Positive",15.9966243367953
"726","Hydrogel","Passive","Skin","Rod",">200","Neutral",0.453702578602783
"727","Liposome","Active","Liver","Plate","100-200","Negative",0.343316504594154
"728","ONM others","Active","Colon","Plate","100-200","Negative",0.82221005105322
"729","ONM others","Active","Lung","Others",">200","Positive",0.0265681146741581
"730","ONM others","Active","Pancreas","Spherical",">200","Negative",0.86679563699238
"731","Hydrogel","Passive","Breast","Rod","100-200","Neutral",0.342366453289721
"732","Dendrimer","Active","Breast","Plate","100-200","Neutral",8.88914461155137
"733","Dendrimer","Passive","Sarcoma","Others",">200","Negative",0.52679721931016
"734","ONM others","Active","Pancreas","Plate",">200","Positive",2.60925156393283
"735","Hydrogel","Active","Prostate","Plate","100-200","Positive",1.53699081465078
"736","ONM others","Active","Pancreas","Spherical",">200","Neutral",1.43632716037635
"737","Hydrogel","Passive","Sarcoma","Plate",">200","Negative",1.66857350104957
"738","Dendrimer","Active","Prostate","Others",">200","Positive",0.58845452465965
"739","Liposome","Passive","Others","Spherical",">200","Positive",0.441863076985923
"740","Liposome","Active","Lung","Rod",">200","Negative",0.150874553549607
"741","ONM others","Active","Liver","Spherical","100-200","Negative",0.416017977384124
"742","ONM others","Active","Brain","Others",">200","Positive",0.027489463781647
"743","Hydrogel","Active","Glioma","Plate","100-200","Neutral",0.0210353182901345
"744","ONM others","Active","Skin","Others",">200","Negative",0.0419033937077438
"745","Dendrimer","Active","Skin","Spherical","100-200","Positive",9.71884725772808
"746","Hydrogel","Passive","Lung","Rod",">200","Neutral",0.209627556202157
"747","ONM others","Passive","Others","Rod","100-200","Negative",0.51099879061003
"748","Hydrogel","Passive","Cervix","Plate",">200","Neutral",1.56966965205805
"749","Polymeric","Active","Lung","Spherical","100-200","Neutral",0.528358768628682
"750","Polymeric","Passive","Skin","Rod",">200","Neutral",1.09430298132987
"751","Hydrogel","Active","Sarcoma","Rod","100-200","Negative",0.898945444280448
"752","Hydrogel","Active","Liver","Rod","100-200","Negative",0.193367729231237
"753","Liposome","Passive","Breast","Others","100-200","Positive",0.0146934126152138
"754","Hydrogel","Active","Liver","Others",">200","Negative",0.0117720418373444
"755","Dendrimer","Active","Sarcoma","Rod",">200","Negative",15.3250592853021
"756","Liposome","Passive","Skin","Others","100-200","Negative",0.0124900727487495
"757","Liposome","Passive","Pancreas","Others","100-200","Negative",0.0118803953786319
"758","Polymeric","Active","Breast","Spherical",">200","Positive",1.65271227923847
"759","ONM others","Active","Ovary","Spherical","100-200","Negative",0.563767675523267
"760","Dendrimer","Passive","Breast","Plate","100-200","Negative",5.2254572966678
"761","Hydrogel","Passive","Ovary","Others","100-200","Neutral",0.0168926284800131
"762","ONM others","Active","Liver","Others",">200","Negative",0.0216928715039068
"763","Hydrogel","Passive","Glioma","Others","100-200","Negative",0.000405790595785135
"764","Liposome","Passive","Brain","Others","100-200","Negative",0.00382376331482222
"765","Dendrimer","Active","Prostate","Rod",">200","Neutral",10.4568253258123
"766","Liposome","Active","Ovary","Spherical",">200","Negative",0.260103503613612
"767","ONM others","Passive","Cervix","Rod","100-200","Negative",1.22386321168818
"768","Dendrimer","Passive","Glioma","Plate","100-200","Positive",0.23820699706653
"769","Liposome","Passive","Prostate","Others",">200","Negative",0.0143003414113604
"770","Dendrimer","Passive","Breast","Others","100-200","Neutral",0.205514056013335
"771","Dendrimer","Active","Lung","Spherical",">200","Negative",2.98794914586664
"772","Dendrimer","Passive","Skin","Plate",">200","Negative",6.3025811076557
"773","Hydrogel","Passive","Ovary","Rod",">200","Negative",0.261420965838833
"774","Hydrogel","Passive","Prostate","Plate","100-200","Positive",1.01637508675694
"775","ONM others","Passive","Prostate","Spherical","100-200","Negative",0.818502785450802
"776","Hydrogel","Passive","Skin","Rod","100-200","Neutral",0.412575866508708
"777","Polymeric","Passive","Sarcoma","Plate","100-200","Negative",3.12930928838484
"778","Liposome","Passive","Lung","Rod","100-200","Positive",0.150270186950353
"779","Dendrimer","Active","Sarcoma","Rod",">200","Positive",25.9254332629393
"780","Polymeric","Passive","Prostate","Plate",">200","Negative",1.73332985924317
"781","Liposome","Active","Skin","Others",">200","Negative",0.0148481389820844
"782","Liposome","Active","Colon","Rod",">200","Negative",0.224047981773297
"783","ONM others","Active","Skin","Plate","100-200","Positive",1.94029305963896
"784","ONM others","Passive","Sarcoma","Plate","100-200","Negative",2.22050114104616
"785","Dendrimer","Active","Cervix","Plate",">200","Positive",31.9642038533707
"786","Liposome","Active","Brain","Plate","100-200","Negative",0.183338048407161
"787","ONM others","Passive","Breast","Rod","100-200","Positive",0.676315157360693
"788","Hydrogel","Passive","Ovary","Plate","100-200","Positive",0.716456888143369
"789","Liposome","Passive","Cervix","Rod","100-200","Negative",0.503826390983404
"790","ONM others","Passive","Cervix","Spherical","100-200","Negative",1.00521558930071
"791","ONM others","Active","Lung","Spherical","100-200","Neutral",0.529325602392162
"792","Hydrogel","Passive","Lung","Rod",">200","Negative",0.165927146038244
"793","Liposome","Passive","Sarcoma","Others",">200","Negative",0.0308469234674142
"794","ONM others","Active","Cervix","Others",">200","Negative",0.0617188437754977
"795","Hydrogel","Passive","Colon","Plate",">200","Neutral",0.599433890641294
"796","Hydrogel","Passive","Skin","Others",">200","Neutral",0.018393929654446
"797","Liposome","Active","Others","Spherical",">200","Neutral",0.431004264715368
"798","Dendrimer","Passive","Cervix","Others",">200","Negative",0.350435268019565
"799","Hydrogel","Passive","Breast","Rod","100-200","Negative",0.23391571679893
"800","Liposome","Passive","Pancreas","Rod",">200","Neutral",0.366489103208483
"801","Hydrogel","Passive","Skin","Plate",">200","Positive",0.973974506715149
"802","Hydrogel","Active","Sarcoma","Spherical","100-200","Negative",1.1136709787533
"803","Liposome","Active","Lung","Plate","100-200","Negative",0.232192279453916
"804","ONM others","Passive","Cervix","Spherical",">200","Negative",1.1850242572066
"805","Dendrimer","Active","Brain","Rod",">200","Negative",2.55817898372317
"806","Polymeric","Active","Liver","Plate","100-200","Positive",1.55499486238974
"807","Dendrimer","Active","Ovary","Spherical",">200","Positive",9.70775030736936
"808","Polymeric","Passive","Lung","Others",">200","Positive",0.0256359617059847
"809","ONM others","Passive","Ovary","Plate","100-200","Neutral",1.0268673050674
"810","Hydrogel","Passive","Skin","Rod","100-200","Neutral",0.424057984505594
"811","Liposome","Passive","Lung","Rod","100-200","Negative",0.106842585068836
"812","Polymeric","Active","Brain","Others","100-200","Negative",0.0190594106831687
"813","Liposome","Active","Skin","Spherical",">200","Negative",0.349800494122483
"814","Dendrimer","Passive","Breast","Others","100-200","Positive",0.241851670647218
"815","Dendrimer","Active","Prostate","Spherical","100-200","Negative",6.11819129694518
"816","Polymeric","Active","Breast","Rod","100-200","Positive",1.08431784730478
"817","Hydrogel","Passive","Brain","Rod","100-200","Negative",0.132801299562127
"818","Polymeric","Passive","Prostate","Rod",">200","Negative",1.11488214046672
"819","Liposome","Active","Lung","Rod",">200","Positive",0.249182006526513
"820","Polymeric","Passive","Sarcoma","Plate",">200","Negative",3.84232375456574
"821","Liposome","Passive","Others","Spherical","100-200","Neutral",0.305009135742971
"822","Hydrogel","Active","Others","Plate","100-200","Neutral",0.926768872377811
"823","Polymeric","Passive","Cervix","Rod",">200","Positive",2.62335754013058
"824","Liposome","Active","Pancreas","Plate",">200","Neutral",1.01975685163567
"825","Polymeric","Active","Skin","Plate","100-200","Positive",2.99820553177831
"826","Dendrimer","Passive","Pancreas","Plate","100-200","Negative",7.6931038499016
"827","ONM others","Active","Pancreas","Rod","100-200","Neutral",1.03218314208117
"828","Dendrimer","Passive","Pancreas","Others","100-200","Negative",0.214266382033373
"829","Hydrogel","Active","Ovary","Others",">200","Negative",0.0191943837326404
"830","Liposome","Active","Skin","Plate","100-200","Negative",0.523821619454386
"831","ONM others","Passive","Ovary","Plate","100-200","Negative",0.620667945778629
"832","Hydrogel","Active","Glioma","Spherical",">200","Positive",0.0171684458029779
"833","Polymeric","Passive","Others","Plate","100-200","Negative",1.1174572087005
"834","ONM others","Passive","Prostate","Spherical","100-200","Neutral",1.00806636566262
"835","ONM others","Active","Glioma","Rod","100-200","Neutral",0.0198898414761596
"836","ONM others","Passive","Others","Plate",">200","Neutral",1.2616072953333
"837","Hydrogel","Active","Others","Plate","100-200","Neutral",0.902468867069409
"838","Dendrimer","Active","Others","Rod","100-200","Negative",4.52767265884393
"839","Hydrogel","Passive","Glioma","Others","100-200","Positive",0.00058562847755157
"840","Hydrogel","Passive","Liver","Others",">200","Neutral",0.0130357384279098
"841","Dendrimer","Active","Prostate","Others",">200","Negative",0.383997019018427
"842","Polymeric","Passive","Others","Rod","100-200","Positive",0.994579670637368
"843","Dendrimer","Active","Pancreas","Plate",">200","Negative",9.83575487360526
"844","ONM others","Passive","Brain","Others",">200","Neutral",0.0142890681413196
"845","Dendrimer","Active","Others","Rod",">200","Negative",6.27854662716631
"846","Hydrogel","Passive","Skin","Others",">200","Positive",0.0247649148977493
"847","Hydrogel","Active","Cervix","Others",">200","Neutral",0.0487593429957323
"848","Polymeric","Active","Brain","Plate",">200","Negative",0.787130123662864
"849","Liposome","Active","Brain","Spherical",">200","Negative",0.128359368114174
"850","Hydrogel","Passive","Colon","Others","100-200","Negative",0.0123051145731249
"851","ONM others","Active","Glioma","Plate",">200","Neutral",0.0426337773568995
"852","Dendrimer","Active","Lung","Rod","100-200","Negative",1.97936734662677
"853","Polymeric","Passive","Prostate","Others",">200","Negative",0.0573915776471692
"854","Hydrogel","Active","Breast","Plate","100-200","Positive",0.897622310040836
"855","Liposome","Passive","Liver","Spherical",">200","Negative",0.195980672658563
"856","Polymeric","Passive","Cervix","Others","100-200","Positive",0.102133217774084
"857","Dendrimer","Active","Prostate","Spherical",">200","Negative",7.0591914264604
"858","Liposome","Active","Colon","Plate",">200","Positive",0.745168229292242
"859","Liposome","Active","Colon","Spherical",">200","Negative",0.276237460277992
"860","Hydrogel","Active","Colon","Spherical","100-200","Negative",0.265178392426816
"861","Hydrogel","Active","Lung","Others",">200","Neutral",0.0126765447261974
"862","Hydrogel","Active","Glioma","Rod",">200","Negative",0.0109142132625463
"863","Hydrogel","Passive","Brain","Others","100-200","Negative",0.00542835555821367
"864","Dendrimer","Passive","Breast","Rod",">200","Neutral",4.39546484627471
"865","Polymeric","Passive","Prostate","Others",">200","Neutral",0.0621312798591666
"866","ONM others","Passive","Pancreas","Others","100-200","Negative",0.0276000531778328
"867","Hydrogel","Active","Colon","Spherical","100-200","Negative",0.331168367688435
"868","Liposome","Passive","Breast","Rod","100-200","Positive",0.281218582669263
"869","Polymeric","Passive","Colon","Others","100-200","Positive",0.0437659726273739
"870","Liposome","Active","Liver","Others","100-200","Neutral",0.0119895166372314
"871","Liposome","Active","Ovary","Others",">200","Positive",0.0240460212105598
"872","Liposome","Active","Pancreas","Plate","100-200","Negative",0.717716787577858
"873","ONM others","Passive","Others","Spherical",">200","Neutral",0.75186235271094
"874","Polymeric","Active","Liver","Plate","100-200","Negative",1.16976332742597
"875","Hydrogel","Active","Pancreas","Others",">200","Negative",0.0246376297368694
"876","Polymeric","Passive","Pancreas","Others",">200","Positive",0.0617830634315958
"877","Dendrimer","Passive","Breast","Rod","100-200","Positive",5.57172956022815
"878","Dendrimer","Active","Ovary","Others","100-200","Neutral",0.250780266392177
"879","ONM others","Passive","Cervix","Spherical","100-200","Neutral",1.49304208303289
"880","Liposome","Active","Colon","Plate","100-200","Positive",0.573862522950154
"881","Liposome","Active","Colon","Spherical",">200","Negative",0.23444970447469
"882","ONM others","Active","Breast","Rod","100-200","Negative",0.608198703671781
"883","Liposome","Passive","Colon","Plate",">200","Neutral",0.433158686142913
"884","Polymeric","Passive","Ovary","Rod",">200","Negative",0.596887615354385
"885","Liposome","Passive","Colon","Plate","100-200","Neutral",0.376176864256151
"886","Polymeric","Passive","Sarcoma","Spherical","100-200","Negative",2.12083138407361
"887","ONM others","Passive","Prostate","Others","100-200","Negative",0.0304684073800106
"888","Hydrogel","Passive","Skin","Rod","100-200","Negative",0.318042611926586
"889","Hydrogel","Active","Breast","Plate","100-200","Positive",0.929481345323927
"890","Polymeric","Active","Cervix","Rod","100-200","Neutral",2.24752392176813
"891","ONM others","Active","Colon","Rod",">200","Negative",0.641755065728846
"892","ONM others","Active","Glioma","Spherical","100-200","Negative",0.0176507936698306
"893","Hydrogel","Active","Breast","Spherical","100-200","Neutral",0.519315180510619
"894","Liposome","Passive","Ovary","Others",">200","Positive",0.0161099040638619
"895","Liposome","Passive","Prostate","Spherical","100-200","Positive",0.581420905145236
"896","ONM others","Passive","Prostate","Rod","100-200","Negative",0.803519448049769
"897","Hydrogel","Passive","Others","Plate","100-200","Negative",0.552734244981351
"898","Polymeric","Active","Skin","Rod","100-200","Negative",0.965214372132399
"899","Hydrogel","Passive","Liver","Plate",">200","Negative",0.378754159997971
"900","Dendrimer","Active","Skin","Spherical","100-200","Positive",9.07501540393437
"901","Hydrogel","Passive","Skin","Others","100-200","Neutral",0.0217885944599187
"902","Hydrogel","Passive","Brain","Rod","100-200","Negative",0.128026758035444
"903","Hydrogel","Active","Pancreas","Plate","100-200","Negative",0.778619687927825
"904","Dendrimer","Active","Glioma","Spherical",">200","Neutral",0.17808484144415
"905","ONM others","Active","Pancreas","Spherical",">200","Negative",1.06739358194605
"906","ONM others","Passive","Breast","Others",">200","Neutral",0.0335701930807917
"907","Dendrimer","Active","Glioma","Rod",">200","Negative",0.147997849017219
"908","Polymeric","Passive","Sarcoma","Plate",">200","Negative",3.42061103691511
"909","Polymeric","Passive","Ovary","Spherical","100-200","Negative",0.490103339377069
"910","Dendrimer","Passive","Ovary","Others","100-200","Negative",0.151253608912977
"911","Dendrimer","Active","Skin","Rod","100-200","Negative",5.26952618394495
"912","Hydrogel","Passive","Prostate","Others","100-200","Negative",0.0179249952907968
"913","Liposome","Active","Sarcoma","Spherical",">200","Positive",1.50598887579297
"914","Liposome","Passive","Pancreas","Plate","100-200","Neutral",0.682662132840823
"915","ONM others","Passive","Brain","Others","100-200","Negative",0.0111800349014057
"916","ONM others","Active","Ovary","Spherical",">200","Positive",1.23611060181075
"917","Polymeric","Active","Breast","Spherical",">200","Negative",0.787878394960001
"918","Dendrimer","Passive","Glioma","Spherical",">200","Positive",0.172650445049122
"919","Polymeric","Active","Liver","Others","100-200","Neutral",0.0325715259787201
"920","ONM others","Passive","Lung","Others",">200","Negative",0.0130215358881231
"921","Dendrimer","Passive","Pancreas","Others","100-200","Negative",0.253893295180113
"922","ONM others","Active","Glioma","Plate","100-200","Negative",0.0308049969890055
"923","ONM others","Passive","Lung","Rod","100-200","Neutral",0.310937326089167
"924","ONM others","Active","Prostate","Plate","100-200","Positive",2.7857722397374
"925","Hydrogel","Active","Pancreas","Rod",">200","Neutral",0.68942331780804
"926","Polymeric","Active","Glioma","Others","100-200","Neutral",0.00133885113326084
"927","ONM others","Active","Colon","Rod","100-200","Negative",0.582633555302006
"928","Polymeric","Passive","Breast","Spherical",">200","Positive",1.07017425979624
"929","Liposome","Active","Breast","Plate","100-200","Negative",0.358690197156634
"930","Hydrogel","Active","Skin","Spherical",">200","Positive",0.733189553255406
"931","Liposome","Passive","Liver","Spherical","100-200","Positive",0.243129168409917
"932","ONM others","Active","Breast","Spherical",">200","Positive",1.03498483000365
"933","ONM others","Active","Ovary","Plate",">200","Negative",1.08472940023069
"934","Hydrogel","Active","Glioma","Plate",">200","Negative",0.0188784792764215
"935","Polymeric","Passive","Sarcoma","Spherical","100-200","Positive",3.43919468540146
"936","Hydrogel","Active","Cervix","Spherical","100-200","Negative",0.864449773869623
"937","ONM others","Passive","Others","Rod",">200","Negative",0.467208375674676
"938","Liposome","Passive","Brain","Others","100-200","Negative",0.00429205754055272
"939","Liposome","Active","Liver","Others",">200","Negative",0.00871467057162812
"940","ONM others","Passive","Others","Others","100-200","Positive",0.0355896549720228
"941","Hydrogel","Active","Cervix","Spherical","100-200","Positive",1.42469346011662
"942","Liposome","Passive","Colon","Spherical",">200","Negative",0.200902248407301
"943","Hydrogel","Active","Skin","Others","100-200","Negative",0.0191476464723867
"944","ONM others","Passive","Breast","Plate",">200","Positive",1.3574532360724
"945","Hydrogel","Active","Prostate","Rod","100-200","Negative",0.493993698633619
"946","Dendrimer","Passive","Breast","Rod","100-200","Neutral",4.3238163510867
"947","Polymeric","Active","Colon","Spherical",">200","Negative",0.761310431520805
"948","Liposome","Active","Prostate","Rod",">200","Neutral",0.556371119328455
"949","Liposome","Active","Liver","Rod","100-200","Negative",0.178903490166936
"950","Liposome","Passive","Prostate","Rod","100-200","Positive",0.529281469613009
"951","Dendrimer","Passive","Brain","Rod",">200","Negative",1.93230713967575
"952","Dendrimer","Passive","Colon","Spherical",">200","Negative",3.69650276184074
"953","Hydrogel","Active","Pancreas","Others","100-200","Positive",0.0415145045559712
"954","ONM others","Active","Pancreas","Spherical","100-200","Positive",1.6206550626979
"955","ONM others","Active","Breast","Rod","100-200","Neutral",0.670435546986497
"956","Hydrogel","Active","Prostate","Others",">200","Negative",0.0324911018249811
"957","Polymeric","Active","Ovary","Rod",">200","Positive",1.31827554795577
"958","Dendrimer","Active","Brain","Spherical","100-200","Neutral",3.23770872279577
"959","Hydrogel","Active","Ovary","Plate","100-200","Neutral",0.828187402037137
"960","Liposome","Passive","Pancreas","Plate","100-200","Negative",0.418387274266225
"961","Hydrogel","Passive","Brain","Spherical","100-200","Neutral",0.191058039181614
"962","Polymeric","Active","Brain","Others","100-200","Neutral",0.0242303962809162
"963","Polymeric","Active","Breast","Plate",">200","Neutral",1.76779923102625
"964","Polymeric","Passive","Ovary","Spherical","100-200","Neutral",0.926179981965729
"965","Liposome","Active","Lung","Rod","100-200","Negative",0.150366796609692
"966","Dendrimer","Active","Others","Spherical",">200","Negative",5.89184172943945
"967","Dendrimer","Active","Prostate","Others","100-200","Neutral",0.51552146386661
"968","Polymeric","Passive","Ovary","Rod",">200","Negative",0.657749302132461
"969","Liposome","Active","Others","Rod","100-200","Neutral",0.376500677115897
"970","Liposome","Passive","Breast","Rod","100-200","Negative",0.158212121876761
"971","ONM others","Passive","Others","Spherical","100-200","Negative",0.55994205558937
"972","Liposome","Passive","Colon","Plate",">200","Positive",0.540191567493727
"973","Dendrimer","Active","Cervix","Spherical",">200","Neutral",16.3994061477574
"974","Polymeric","Active","Ovary","Rod",">200","Negative",0.827666801834818
"975","Liposome","Passive","Liver","Rod",">200","Positive",0.267085012489232
"976","Dendrimer","Active","Ovary","Rod","100-200","Negative",4.09147308004107
"977","ONM others","Active","Others","Others","100-200","Positive",0.0496855449723545
"978","Liposome","Active","Brain","Spherical",">200","Neutral",0.180111033163845
"979","Polymeric","Passive","Skin","Rod",">200","Positive",1.27733792503529
"980","Dendrimer","Passive","Sarcoma","Plate","100-200","Negative",20.4734640404261
"981","ONM others","Passive","Others","Others","100-200","Positive",0.0387220373189303
"982","Liposome","Passive","Lung","Plate",">200","Negative",0.219783901375694
"983","Dendrimer","Active","Cervix","Plate",">200","Negative",22.0855936893144
"984","Dendrimer","Passive","Glioma","Others","100-200","Negative",0.00447981082136851
"985","Hydrogel","Passive","Brain","Others","100-200","Neutral",0.00793642589109703
"986","ONM others","Passive","Brain","Plate",">200","Neutral",0.645159582498248
"987","Hydrogel","Active","Pancreas","Plate",">200","Positive",1.47433753724052
"988","Liposome","Active","Lung","Plate","100-200","Negative",0.281372424546879
"989","Polymeric","Passive","Cervix","Rod","100-200","Positive",2.07880451480531
"990","Polymeric","Passive","Glioma","Others",">200","Neutral",0.000977692421360924
"991","Dendrimer","Active","Cervix","Others",">200","Positive",0.876860593738229
"992","ONM others","Passive","Brain","Rod","100-200","Negative",0.241880166680352
"993","Polymeric","Passive","Glioma","Rod",">200","Negative",0.0156852450909936
"994","Polymeric","Passive","Lung","Spherical",">200","Positive",0.578742599415156
"995","Dendrimer","Active","Glioma","Others","100-200","Negative",0.00563719619906109
"996","Liposome","Passive","Breast","Spherical",">200","Positive",0.350683142407648
"997","Dendrimer","Passive","Brain","Rod",">200","Neutral",2.30449848308818
"998","Liposome","Active","Skin","Rod","100-200","Neutral",0.4133924608689
"999","Hydrogel","Active","Lung","Spherical","100-200","Negative",0.166777787838377
"1000","Polymeric","Passive","Prostate","Spherical",">200","Negative",1.42317843263746
